"",weight
持ち,0.357340693789004
画質,0.303114344970469
バランス,0.222023812149192
使い勝手,0.200365317955501
操作性,0.140807424778439
携帯性,0.118893250610398
ホールド感,0.106994173645343
レスポンス,0.0934256761597023
写り,0.0718905924639578
質感,0.0635372578802885
もち,0.0612115409921255
デザイン,0.0609812389636734
コストパフォーマンス,0.0527400026384513
気持ち,0.0451171296736428
精度,0.034265276613496
レンズ,0.0331296906321401
発色,0.0328194582787133
位置,0.030493137664528
ホールド性,0.0283000871741423
色,0.0258836704087858
視認性,0.025215878145038
機能,0.0248971134392117
性能,0.0247531272248182
描写,0.0228461551503362
AF精度,0.0226597961932532
評判,0.0224747335736773
条件,0.0222685898116401
感じ,0.0214415102838347
解像度,0.0212880393976588
不満,0.0207425963971816
色乗り,0.0202815823387368
相性,0.0201443339816257
感度,0.0198528212301999
画像,0.0197302710924702
感触,0.0192611714682823
質,0.018161213795375
AF,0.0179360122366426
目,0.0175265511073958
・画質,0.0171871388869716
反応,0.0162747910440802
重さ,0.0161730085721171
グリップ感,0.014582141990515
液晶,0.0144381314148863
天気,0.0140666566610024
満足度,0.0138866867718938
重量バランス,0.0138125616492595
色のり,0.0135101036594191
ハンドリング,0.0130662356213272
解像感,0.0125310610333874
バッテリー,0.0122663669739471
・操作性,0.0122399379517208
音,0.0116512018027067
価格,0.0114619264369765
カメラ,0.0113621932143012
見え,0.0111666736693051
操作感,0.0105077235667718
ボケ,0.0103947414853886
コントラスト,0.0101307092642414
ホールド,0.010052404276132
出来,0.00993456363019666
大きさ,0.00947004867174482
掛かり,0.00934852307483158
補正,0.00897316463577857
切れ,0.00896564598107136
問題,0.00882098984090845
値段,0.00869440085406921
ボケ味,0.00853216502411907
描写力,0.00850709222116787
フィーリング,0.00848844016601463
見た目,0.00807330950118093
完成度,0.0079819420851157
気分,0.00795317163104679
機能性,0.00790357189482549
ヌケ,0.00734274766078225
機種,0.00718898390141322
ボディ,0.00712626040918649
品質,0.00703143580492839
CP,0.00672933287913877
色合い,0.00656662711221582
映り,0.00650949734950959
音質,0.00639899501559754
取り回し,0.00626535133794694
評価,0.00621424319008416
グリップ,0.00621363018940062
背面液晶,0.00619612464241453
・デザイン,0.00614045330058273
サイズ,0.0061401236713265
調子,0.00595804164722691
収納性,0.00590564360321868
シャッター音,0.00583842051902423
部分,0.00569246758569838
場合,0.00560062966055383
光,0.00556550789365285
動画,0.00550074399599637
①操作性,0.00543426461109915
キレ,0.00542427751967877
組み合わせ,0.00535819320249604
・携帯性,0.00516563892601628
自分,0.0051091306407973
見栄え,0.00510010595640394
表現力,0.00508214421566402
付属ソフト,0.00506146313129876
よい,0.00501717110684242
(?),0.00497449809967843
バッテリー持ち,0.00491040175964082
全長,0.00489844703095672
人,0.00480920298137828
応答性,0.00480646405255608
持ち運び,0.00480255314216814
ホワイトバランス,0.00474436961798147
ズーム,0.00472381859930204
記述,0.00461011111457258
取り付け位置,0.00459413125628733
機動性,0.00454843902712016
作り,0.00451818914105483
3．ホールド感,0.00450629641738408
D80,0.00437181703721504
電池持ち,0.00432245144362576
ライン,0.00431752011128698
マッチング,0.00428188063250132
製品,0.00425477220411674
造り,0.00420465605413394
汎用性,0.00417561750954619
(9)携帯性,0.00415729850026217
(視力,0.00415729850026217
ボタン位置,0.00415729850026217
モチ,0.00415729850026217
半押し,0.00415729850026217
合わせ,0.00415729850026217
売れ行き,0.00415729850026217
始末,0.00415729850026217
少し分,0.00415729850026217
工作精度,0.00415729850026217
態度,0.00415729850026217
構造,0.00415729850026217
立て付け,0.00415729850026217
製造品質,0.00415729850026217
都合,0.00415729850026217
電力事情,0.00415729850026217
設定,0.00412354431672503
撮影,0.00412141794008513
フットワーク,0.00407030020849936
センス,0.0040188119045047
使用頻度,0.00396963413603752
まとまり,0.00390610688983311
絵,0.0038575074758351
子供,0.00385344512423968
トータルバランス,0.00385220962849495
ボケ具合,0.00372157012805067
レンズ性能,0.00368390872904361
写真,0.00365316495868987
ファインダー,0.00353855004019068
画角,0.00348548598919281
重量感,0.00347520858148881
・ホールド感,0.00338856948773431
重い,0.00326285491849829
程度,0.00324122043970248
高感度画質,0.00321933780190028
雰囲気,0.00315420568580058
ない,0.00313850627650123
皆さん,0.00313238957727641
全体的,0.00312681141163978
フラッシュ,0.00312431930100418
グリップ性,0.00306685552303201
出番,0.00301236100277167
指,0.00300484417437835
違和感,0.0029771784735714
形式,0.00296637681421915
効果,0.00290857965530335
手触り,0.00278820273607505
ノイズ,0.00276351436236562
満足感,0.0027628800490265
ホールディング,0.00276040392416326
ライブビュー,0.00271521462086412
描写性能,0.00270179028631756
配置,0.00269566437314731
デジカメ,0.00268189881507123
操作,0.00263706063098112
価格設定,0.00261327155005154
画素数,0.00260255114128103
リング,0.00259575063833736
EVF,0.00257570113667313
悪さ,0.00254501444644311
利便性,0.00251415913573111
望遠,0.00247828752950406
肌,0.00245415331667233
軽さ,0.00240992546180925
ボリューム感,0.00238757689521837
無い,0.00238651289083962
気,0.00230563316686303
再現性,0.00228735540321074
ケース,0.00228552222754036
(色調・解像度),0.00225314820869203
0付近,0.00225314820869203
1)機動性,0.00225314820869203
135mm近辺,0.00225314820869203
16-45mmf4,0.00225314820869203
2)バッテリー,0.00225314820869203
20mm,0.00225314820869203
2点,0.00225314820869203
3)コストパフォーマンス,0.00225314820869203
3．防塵防滴性能,0.00225314820869203
5．マクロ性能,0.00225314820869203
968C,0.00225314820869203
ADJボタン,0.00225314820869203
DA21mm,0.00225314820869203
FZシリーズ,0.00225314820869203
PF,0.00225314820869203
SR8,0.00225314820869203
「水族館」,0.00225314820869203
が,0.00225314820869203
アルミ・ボディ,0.00225314820869203
カラーナイトビュー,0.00225314820869203
コストメリット,0.00225314820869203
バリオテッサー,0.00225314820869203
ピンク,0.00225314820869203
フロントキャップ,0.00225314820869203
ホールド感),0.00225314820869203
・レンズ,0.00225314820869203
・描写,0.00225314820869203
中央,0.00225314820869203
修正,0.00225314820869203
問題無しホールド感,0.00225314820869203
工学ズーム,0.00225314820869203
液晶パネル,0.00225314820869203
濃さ,0.00225314820869203
画像処理エンジン,0.00225314820869203
画像編集メニュー,0.00225314820869203
竭。映り,0.00225314820869203
縦グリ,0.00225314820869203
肌触り感,0.00225314820869203
他,0.00217742315601899
あと,0.00214300974782724
追従性,0.00213915247715787
腕,0.00208385943931043
画面,0.00207753229865086
格好,0.00207505647209536
液晶画面,0.00201728582109134
対応,0.00199801939412648
出来栄え,0.00197252601796802
差,0.00196229859063297
文句,0.00194984879360843
良さ,0.00186385538577078
クリック感,0.00184777692311406
AF性能,0.00180381545677081
よさ,0.00179873018250819
印象,0.00177334848946518
不満点,0.00172909387471654
機能面,0.00171244277474787
画,0.00170639054033743
焦点距離,0.00170004020203765
可,0.00169200421029486
高感度,0.00167312291058584
色味,0.0016573313955265
フード,0.00165145936040449
色ノリ,0.00164818357217652
感想,0.00164776740377984
ストラップ,0.00163711846128937
トルク,0.00163664655262485
品,0.00161908660873446
感,0.00158150905164318
ホールディング性,0.00157894326510707
マクロ,0.00157782431991171
花形フード,0.001543870411265
ダイヤル,0.00153656053432507
ヒット率,0.00153542639322475
ストレス,0.00153426794495181
D200,0.00152154789258582
手ブレ補正,0.00150059809606063
使用感,0.00148596723799423
切れ味,0.00147371423693695
価値,0.00146998567608384
階調性,0.00146214666570683
重量,0.0014594148180003
外観,0.00145641745702724
ピント精度,0.00142723632777178
今,0.0014265011257172
素性,0.00142361587757812
タッチパネル,0.00137758548766669
一眼,0.00135969989291142
ISO,0.0013591888238366
状態,0.00135488332313086
ロック,0.00133816342806174
レベル,0.00128963822719285
シャープさ,0.00128397073353903
コレ,0.00127446456092792
IS,0.00127367899772039
愛称,0.00127089809088534
点画質,0.00127080615366631
魅力,0.00125444332560749
速度,0.00124054939038962
指かかり,0.00123123046863859
辺,0.00123008274608871
つくり,0.0012267876859114
光量,0.00120629685724209
安心感,0.00119872669317459
歩留まり,0.00119729926567093
フルタイムマニュアル,0.00119114529264881
安っぽさ,0.00118625137284831
天候,0.00118213011429608
具合,0.00117842013691871
解像力,0.00117765103674542
歯切れ,0.00117462036402095
D3,0.00116646559160966
お買い得感,0.00116262409182139
VR,0.00115982358393904
明るさ,0.00115876071088312
スタイル,0.00115399551824825
動作,0.00114519307560084
仕上がり,0.0011423355334755
ボタン類,0.00112403581081027
コンデジ,0.00110943402052965
ノイズ処理,0.00109720017688528
ピクチャースタイル,0.00109470107243778
一眼レフ,0.00109150334632213
コスト,0.0010822492443712
動き,0.00106523338505147
分,0.00106490970079839
商品,0.0010636234847277
心配,0.00105387230733211
顔認識,0.00104960517465738
重くもな,0.00103673423340348
個人的,0.00102966012381928
総合的,0.00102450344866677
露出補正,0.00102233559179517
これから,0.00102136229047428
ボディバランス,0.00101939917288744
マクロ性能,0.00101939917288744
写り自体,0.000999204846233272
基本性能,0.000996661370553579
ピント合わせ,0.000994500935315912
接写,0.000977239689547671
存在感,0.000974594709895282
引っ掛かり,0.000974117200588384
あたり,0.000972832447592874
広角,0.000969400760062683
現在,0.000968245845091147
MF,0.000955626033732622
D40,0.000955608913608663
5D,0.00095082264559216
使い方,0.000944432120750949
ピント,0.000934925039314994
5倍ズーム,0.000934807138540767
早さ,0.00093314876200986
色調,0.000928638599138008
心地,0.000924962472130271
シャッターフィーリング,0.000924773861656861
表現,0.000923466266707096
率,0.000918832281063546
AF速度,0.000914344012429389
費用対効果,0.000908552884413774
高さ,0.000904650620940713
不可,0.000903991680003774
見え方,0.000899162592152382
コストパーフォーマンス,0.000898330313929949
中身,0.000891075896276216
一度,0.00089026879734605
最近,0.00088598025600502
サービス,0.000885896421749202
支障,0.00087368212894764
高感度性能,0.000871548004246515
普段,0.000870018674625103
G7,0.000864801404231695
価格差,0.000863435651507113
パソコン,0.000859706968755738
WB,0.00085637422493062
赤,0.000856082827009104
速さ,0.000846039305405839
シャッター,0.000841721111246304
望遠側,0.000839842257785104
最短撮影距離,0.000821839802185153
調整,0.000821554411736542
フォーサーズ,0.000819001943539078
28mm,0.000808701087895901
環境,0.000789817191322273
・機能性,0.000788545344260448
傾向,0.00078709488624638
使用方法,0.000783047739694144
デジタル,0.000775447016347698
欠点,0.000775424598119341
◎画質,0.00076286728917064
モード,0.000759481640595799
趣味性,0.000753881665923256
コンパクトデジカメ,0.000752798275284925
再生,0.000745083895524175
設計,0.000737345638428225
マクロ撮影,0.000729942186047038
範囲,0.000724565885868811
違い,0.000722657608569667
グリップ形状,0.000713123307901976
30D,0.000712894908651895
補正機能,0.000707840415293232
カッコ,0.000707127077427762
今回,0.000706217411818478
燃費,0.00070060544589659
静止画,0.000697149022568214
良い,0.00069165994689956
手,0.000691015199608165
信頼性,0.000685272993334508
ブルー,0.000684973937709792
実売価格,0.000678473151034535
取り扱い,0.000673390138768015
画質等,0.000668081217351424
見易さ,0.000661964962437127
機能的,0.000657959644484252
本機,0.000654854196941514
関連性,0.000653972223736713
フィット感,0.000653557499752704
EXILIMシリーズ,0.000652706911696593
つけよう,0.00064708785545101
部分),0.000637612490139117
意味,0.000637478292244952
切り替え,0.000636009964860581
顔キレイナビ,0.000634989299311816
逆,0.000633563066691098
単焦点,0.000632643610012066
ズームリング,0.00062440877007303
DN,0.00062254037211558
連写機能,0.000622034429114999
実用性,0.000618985247425097
あまり気持ち,0.000616641648086847
機動力,0.000615120587495443
タッチ,0.000614179616498626
次期モデル,0.00060713681679979
ぼけ具合,0.00060393801805948
購入,0.000596502360422245
後,0.000595871195772525
ロゴ,0.000591713113142129
仕方,0.000590942756011447
事,0.000590244966051928
ボタン,0.000589691212918022
形状,0.000587362307113394
頻度,0.000586791719580147
易さ,0.000584056934780985
歪み,0.000576806942468606
形態性,0.000575901495484991
携行性,0.000575659226670184
人気,0.000571042209360654
K100D,0.000569638658086282
遊び,0.000568571367549212
今後,0.000566160293236258
レンズ内補正,0.000564997983986489
画質面,0.000564191420631785
ダイアル,0.000558178659192053
ベストショット,0.000554266818297643
連写,0.000551370922853361
不足,0.000550672453307383
佇まい,0.000546158238895182
キットレンズ,0.000541335841196305
しよう,0.000541104285435191
連射性能,0.000538733571946518
立体感,0.000534051156266868
基本的,0.000533874102245932
トラブル,0.000531462852833194
少し持ち,0.000531067463192128
フレア,0.000526145993750984
用途,0.000525735216426973
歩き,0.000523653508191469
デザイン質感,0.000521506188270273
辺り,0.00050726692077142
悪い,0.000505695361292859
F値,0.000505632238794461
タイプ,0.000505528291680091
D70,0.000504954900855977
ピントリング,0.000504780051930217
ニコン,0.000503244947036138
気持,0.000502032606324936
握り心地,0.00050022049756346
使用,0.000499044968161183
スペック,0.000495813011617321
デジ一,0.000494631016794513
倍率,0.000487904127311136
点,0.00048730279655442
ハイビジョン,0.000486083094813057
ニコンさん,0.000482610863044067
撮影時,0.000480426096256623
高感度耐性,0.000478460530956209
機会,0.000476342597285668
幅,0.000472079887832721
マイク感度,0.000466009644079492
構図,0.000465976108188256
制度,0.000462742872943344
なじみ,0.00046137595801158
効き目,0.00046137595801158
UI,0.000459461222247579
プリント,0.000458343180146768
マニュアルフォーカス,0.000457656976784653
スイッチ類,0.000456023100984141
彩度,0.000449355888426628
本体,0.000443349613302788
厚み,0.000439832929161846
S5IS,0.000435536486850978
D2Hs,0.000435037431284433
カメラ生成jpg,0.000435037431284433
姿,0.00043326722545495
・液晶,0.000432958109184901
ぼけ味,0.000432677195298349
W200,0.000432488055939454
手持ち撮影,0.0004300512561971
フェイスキャッチ,0.000429998052680499
変化,0.000428294398225186
周辺減光,0.000426395908069806
ヒンジ側),0.000425215414172662
ホ−ルド性,0.000425215414172662
ライブ画像表示操作性,0.000425215414172662
初日,0.000425215414172662
諧調性,0.000425215414172662
HDD,0.000423203299288989
AWB,0.000421742886170209
全体調和,0.000419720136295338
統制,0.000419720136295338
一つ,0.000416844871884136
(ホールド)感,0.000416498937020728
あまり視力,0.000416498937020728
・付属ソフト,0.000416498937020728
スピード,0.000415577864260955
少なさ,0.000414689042620946
1枚,0.000414618434478405
HS-14,0.000414618434478405
「質感」,0.000414618434478405
まわり,0.000414618434478405
ハイパー操作系,0.000414618434478405
・デザイン&質感,0.000414618434478405
・発色,0.000414618434478405
・装着バランス,0.000414618434478405
形状設計,0.000414618434478405
携帯性・操作性,0.000414618434478405
機能レイアウト,0.000414618434478405
発色性,0.000414618434478405
音色,0.000414618434478405
光電変換効率,0.000414107825042616
認識率,0.000414107825042616
クセ,0.000413997788192805
拡張性,0.000411936043068345
コンパクト性,0.000411894354721161
ユーザーインターフェイス,0.000411894354721161
中々使い勝手,0.000411894354721161
使い回し,0.000411894354721161
反響,0.000411894354721161
基本的画質,0.000411894354721161
液晶発色,0.000411894354721161
褶曲補正,0.000411894354721161
最後,0.000410656978184919
ズームレンズ,0.000408299860240533
特性,0.00040659988390618
メニュー,0.000402588368112038
手間,0.000399864987029154
Nikon,0.000398149210383956
驚き,0.000396868952514305
ポイント,0.00039471078889437
広角側,0.000391908976731835
全て,0.000391645649881475
ガイド機能,0.000391594201284664
ネックストラップ,0.000391594201284664
動画画質,0.000387726396364844
手軽さ,0.000387726396364844
パナライカレンズ,0.000387695837014032
デジタルカメラ自体,0.000386524929780513
マーケティング戦略,0.000386524929780513
室内撮,0.000386524929780513
荷物持ち&見た目,0.000386524929780513
高ISO,0.000386524929780513
場面,0.000385673215590496
風景,0.00038313764338857
操作性取り扱い,0.00038059611012405
方法,0.000379874496599691
美しさ,0.000379351617117594
A710IS,0.000375783130494966
キリ,0.000375106309557433
頭,0.000374832039586617
風景写真,0.000373236696685258
D300,0.000372592009093335
VR18-200,0.000372535250490169
(秒7コマ),0.000370034676369468
28-70mmF4AL,0.000370034676369468
HS−14,0.000370034676369468
SD利用,0.000370034676369468
___気持ち,0.000370034676369468
k100d,0.000370034676369468
「スライドショー」,0.000370034676369468
さわり心地,0.000370034676369468
すべて,0.000370034676369468
ウケ,0.000370034676369468
パフォーマンス,0.000370034676369468
フリーアングル液晶,0.000370034676369468
ホールディング感,0.000370034676369468
人肌,0.000370034676369468
再現力,0.000370034676369468
老舗メーカー,0.000370034676369468
表面処理,0.000370034676369468
親指操作,0.000370034676369468
金属製,0.000370034676369468
損,0.000369042133132941
アドバンテージ,0.000367622141771116
後悔,0.000365151494802948
シャープネス等),0.000364572791191162
レンズそのもの,0.000364572791191162
受け,0.000364572791191162
少し線,0.000364572791191162
手触り・風合い,0.000364572791191162
拡大鏡モード,0.000364572791191162
操作性ズームリング,0.000364572791191162
顔認識センサー,0.000364572791191162
撮影時間,0.000364234118596796
歪曲収差,0.000361624217086679
理由,0.000360693259699822
影響,0.000359717267697208
予備バッテリー,0.00035877574267442
次,0.000355308056698263
穴,0.00035497788392952
画質評価,0.000352816765522558
利点,0.000351114513513107
遜色,0.000349171915134628
T9,0.000346880756647465
8連写音,0.000346342908390019
りと評判,0.000346342908390019
スナップショット,0.000346342908390019
開放値,0.00034619817883323
撮影モード,0.000344529629416958
フィルム,0.000343886587989361
連射,0.000343783376944279
撮影中,0.000343449949681861
(重さ),0.000340307071014647
1:携帯性,0.000340307071014647
2___操作性,0.000340307071014647
○連射性能,0.000340307071014647
・AWB,0.000340307071014647
・手ブレ補正,0.000340307071014647
・頭,0.000340307071014647
乗り,0.000340307071014647
完成度ホールド感,0.000340307071014647
撮影感覚,0.000340307071014647
検出スピード,0.000340307071014647
認識精度,0.000340307071014647
とも,0.00033995775830651
味,0.000338591752861398
将来,0.000338556619378785
甘さ,0.000335519465679127
実感,0.000332865997670864
手元,0.000332627319982076
握り感,0.000332417265947306
故障,0.00033207879697749
コスト・パフォーマンス,0.00032674989292625
ズーム性能,0.00032674989292625
ズーム機能,0.00032674989292625
容姿,0.00032674989292625
IS機構,0.000326402299968955
サウンドレコーダ,0.000326402299968955
データ,0.000326402299968955
ホール感,0.000326402299968955
外観デザイン,0.000326402299968955
指触り,0.000326402299968955
見た目質感,0.000326402299968955
別,0.000325108246604639
K10D,0.000324319671596288
6>,0.000319554868532904
トータル画質&満足度,0.000319554868532904
高感度ノイズ性能,0.000319554868532904
比較,0.000316055322628824
あまりに,0.000315977071268151
再生画面,0.000315977071268151
余地,0.000315251151502898
ユーティリティー,0.000314516621950827
高感度ノイズ,0.000312494950612972
HDV,0.000312253729670329
面,0.000311075089988361
そのほか,0.000310044887016356
横,0.000310012305584731
ゲージ,0.000308477392505534
セットレンズ,0.000308477392505534
バッテリ持ち,0.000308477392505534
*画質天気,0.000308320824043424
○気持ち,0.000308320824043424
○素性,0.000308320824043424
「画質,0.000308320824043424
【F31fd,0.000308320824043424
がり,0.000308320824043424
きもち,0.000308320824043424
の,0.000308320824043424
むし,0.000308320824043424
もってこい,0.000308320824043424
キャノンサービス,0.000308320824043424
キレコミ,0.000308320824043424
テンポ,0.000308320824043424
デザイン&携帯性,0.000308320824043424
トータルデザイン,0.000308320824043424
・出来,0.000308320824043424
・天気,0.000308320824043424
上位モデル,0.000308320824043424
両方,0.000308320824043424
今回___前評判,0.000308320824043424
他社カメラ,0.000308320824043424
仲,0.000308320824043424
値段相応,0.000308320824043424
分バランス,0.000308320824043424
前評判通り,0.000308320824043424
単三電池,0.000308320824043424
噂どおり,0.000308320824043424
女性向き,0.000308320824043424
感じ操作性,0.000308320824043424
移り,0.000308320824043424
納得,0.000308320824043424
風通し,0.000308320824043424
30mm,0.000307888311016216
つまみ,0.000307888311016216
シャッタ−音,0.000307888311016216
値引率,0.000307888311016216
内臓ストロボ,0.000307888311016216
操作レスポンス,0.000307888311016216
総評コストパフォーマンス,0.000307888311016216
表面加工,0.000307888311016216
装着感,0.000307888311016216
質量バランス,0.000307888311016216
満足,0.000307054028324859
楽しさ,0.000306771618213262
定評,0.00030544380604447
クラス,0.000305067120973978
使用用途,0.000305067120973978
・外観,0.000298960372852424
リスク,0.000295926817135585
経験,0.000295092052190853
癖,0.000294706045387018
先ず,0.000294667649099654
タイムラグ,0.000294656255316966
素材,0.000294584873248316
剛性感,0.000291295857548425
AFスピード,0.000290458274876909
E-500,0.000290148129547747
表示,0.000289073416187027
広さ,0.000287559440830605
扱い,0.000287022764273593
差額,0.000286854855061401
購入価格,0.000286854855061401
(発色),0.000284734670148717
基礎性能,0.000284734670148717
視角,0.000284734670148717
IXY,0.0002829704709834
直進ズーム,0.000282688821287075
メニュー操作,0.000282107563968064
とりあえず,0.000281157884401846
見やすい,0.000281022406293755
感覚,0.000277814460540219
リコー,0.00027758151129354
PENTAX,0.000277451881745548
デザイン・画質・操作性・機能性・ホールド感,0.000277451881745548
交換後,0.000277451881745548
使い勝手自体,0.000277451881745548
厳しい)画質,0.000277451881745548
押し心地,0.000277451881745548
調整後,0.000277451881745548
A200,0.000277305047245001
D40x,0.000277305047245001
Z3,0.000277305047245001
グリップ部,0.000277305047245001
ポイントカラー,0.000277305047245001
マイク性能,0.000277305047245001
小さくもな,0.000277305047245001
操作性機能性,0.000277305047245001
触り応え,0.000277305047245001
10倍ズーム,0.000277152165712571
実用上,0.000276818145219496
知識,0.000275201731042448
最初,0.000274753554645731
迷い,0.000274520096215809
夜景,0.000272811829448342
減点,0.000272811829448342
(撮影時),0.000272057272299607
1番デザイン,0.000272057272299607
F40,0.000272057272299607
「高感度撮影」,0.000272057272299607
ノリ,0.000272057272299607
再設定,0.000272057272299607
店頭確認,0.000272057272299607
性能バランス,0.000272057272299607
取り込み,0.000271613590806629
こだわり,0.000271573933763209
高倍率ズーム,0.000271210623188414
弱点,0.000268286609613991
Body,0.000265290501954494
(3人),0.000262422775592172
DVテープ,0.000262422775592172
F40fd,0.000262422775592172
F4L,0.000262422775592172
まえん,0.000262422775592172
クラッチ,0.000262422775592172
コストパフォーマンす,0.000262422775592172
スタート,0.000262422775592172
ファインピクス,0.000262422775592172
ボーナスシーズン,0.000262422775592172
位,0.000262422775592172
単焦点レンズ,0.000262422775592172
手動,0.000262422775592172
数段写り,0.000262422775592172
色合い),0.000262422775592172
補正レンズ内蔵,0.000262422775592172
全般的,0.000261993676669665
稼働率,0.000261985254043759
成功率,0.000258216847456459
F31fd,0.000257620683573667
特徴,0.00025679439671181
失敗,0.000256362666357389
TZ3,0.000254893219462709
スナップ画質,0.000253329093423899
テレマクロ,0.000253329093423899
マクロ系,0.000253329093423899
付属ケース,0.000253329093423899
使用感覚,0.000253329093423899
固さ,0.000253329093423899
色あい,0.000253329093423899
5．縦グリップ,0.000252847509855743
620万画素クラス,0.000252847509855743
6位,0.000252847509855743
E5000,0.000252847509855743
PC,0.000252847509855743
SD3,0.000252847509855743
①バッテリー持ち,0.000252847509855743
■高感度画質,0.000252847509855743
「気配り,0.000252847509855743
いかつい,0.000252847509855743
パーティーモード,0.000252847509855743
・iフラッシュ,0.000252847509855743
・写り,0.000252847509855743
・綾小路きみまろさん,0.000252847509855743
不満→3D-トラッキング,0.000252847509855743
使い良さ,0.000252847509855743
光量不足,0.000252847509855743
天体写真,0.000252847509855743
広角感,0.000252847509855743
残量%,0.000252847509855743
爪先,0.000252847509855743
紅葉,0.000252847509855743
顔認識機能,0.000252847509855743
ボディサイズ,0.0002524612279378
メリット,0.000252425507436706
高感度撮影,0.000252308311164464
剛性,0.000250562927372415
VR機能,0.000250095810209312
メリハリ,0.000249283376292888
件,0.000248479094092038
圧縮率,0.000247821811870813
ライブビュー機能,0.000247741671213032
液晶表示,0.000247741671213032
心地よさ,0.000246886928282234
色彩,0.000246279893230407
1)画質,0.000245985287765367
AFピント精度,0.000245985287765367
シャッターレスポンス,0.000245985287765367
難,0.000245260641800245
panoramamaker,0.000243401635828698
のり,0.000243401635828698
サポート,0.000243401635828698
ファンダー,0.000243401635828698
マイカラーモード,0.000243401635828698
数,0.000243401635828698
液晶・操作性,0.000243401635828698
線,0.000243401635828698
表面,0.000243401635828698
視野率,0.000243401635828698
AVCHD,0.000242435680034298
000万画素,0.000239154882689416
動作音,0.000239154882689416
各種収差,0.000239154882689416
振動,0.000238886233336301
ゆがみ,0.000238779988206494
CCD,0.000237850071312771
モデル,0.000237850071312771
不都合,0.000236484954427386
カラー,0.000235766971305437
抵抗,0.000234284100291964
手ブレ,0.000233632593045689
静止画像,0.000233458464840749
興味,0.00023227246219757
3インチ,0.000229841751692919
各種ボタン類,0.000229841751692919
利用頻度,0.000224375216459629
発色・コントラスト,0.000222415687923742
敷居,0.000221810894903447
項目,0.000220649490721645
撮影倍率,0.000217699830393988
露出,0.00021753641207743
描写傾向,0.000215536716159239
トルク感,0.000215130525740654
デキ,0.000215119926696977
治安,0.000215119926696977
・質感,0.000214890814559387
耐久性,0.000211701868733181
接写能力,0.000211258050630523
クオリティ,0.000209407981776818
現状,0.00020769956836319
◆液晶視認性,0.000206675217318082
『PictureProject』,0.000206675217318082
シャッタースピード,0.000206675217318082
食いつき,0.000206675217318082
持続,0.000206067611326977
こいつ,0.000205806492366431
ビデオカメラ,0.000204765639861038
新型,0.000204687506020923
期,0.000204687506020923
"""色のり""",0.000204530860288815
カチット歯切れ,0.000204530860288815
ダイヤル配置,0.000204530860288815
ニコン画質,0.000204530860288815
パソコン使用,0.000204530860288815
レスポンス、,0.000204530860288815
通り発色性,0.000204530860288815
連射機能,0.000203747264135426
予備,0.000201460603979866
さすが,0.000200948187519864
留700,0.00019985007922086
深さ,0.000199285173257418
内容,0.000197136147512251
コメント,0.000196714230344029
ワイドパネル装備,0.000196446583496106
出方,0.000196446583496106
水滴,0.000196446583496106
(性能,0.000195922381783491
(黒),0.000195922381783491
粗さ,0.000195922381783491
余裕,0.0001956580357824
フォーカス,0.00019496676374299
ポテンシャル,0.000194690957665441
思い,0.000193942597033965
18-50mm,0.000193847918507016
IXYD1000,0.000193847918507016
R6,0.000193847918507016
i-フラッシュ,0.000193847918507016
ゴム,0.000193847918507016
人物ストロボ撮影,0.000193847918507016
描画性能,0.000193847918507016
操作性:IS,0.000193847918507016
連携ソフト,0.000193847918507016
カスタム性,0.000193610835706283
制約,0.000192214791188707
(可動モニター),0.000190298055062025
100%,0.000190298055062025
125-400,0.000190298055062025
1個,0.000190298055062025
200mmF2G(IF),0.000190298055062025
DIGIC竇「,0.000190298055062025
F6,0.000190298055062025
K100,0.000190298055062025
XP,0.000190298055062025
xD自体,0.000190298055062025
○デザイン,0.000190298055062025
【バッテリー】,0.000190298055062025
くっきりさ,0.000190298055062025
クラッチ機構,0.000190298055062025
コンセプト,0.000190298055062025
コンパクトさ等,0.000190298055062025
サイズ・操作性,0.000190298055062025
スーパーマイクロ,0.000190298055062025
バッテリーチャージャー,0.000190298055062025
ホールドグリップ感,0.000190298055062025
ライヴビュー,0.000190298055062025
ワインレッド,0.000190298055062025
位写り,0.000190298055062025
全域F2．8,0.000190298055062025
各機能,0.000190298055062025
操作性・携帯性,0.000190298055062025
料理撮影,0.000190298055062025
検出率,0.000190298055062025
機能性・操作性,0.000190298055062025
滴,0.000190298055062025
画質画質,0.000190298055062025
組み込み式フード,0.000190298055062025
良,0.000190298055062025
質感描写,0.000190298055062025
顔検出機能,0.000190298055062025
決め手,0.000189330265818625
以前,0.000189000961027698
個体,0.000189000961027698
躊躇,0.000187140451460412
キット,0.000186986299818992
書き込み,0.000186472644827257
28ミリ,0.00018631144495292
3型液晶,0.00018631144495292
5コマ/秒,0.00018631144495292
SW,0.00018631144495292
VC,0.00018631144495292
VR効果,0.00018631144495292
「音フォト」,0.00018631144495292
カメラ」,0.00018631144495292
動画性能,0.00018631144495292
単レンズ,0.00018631144495292
横位置,0.00018631144495292
電池式,0.00018631144495292
(4)色のり,0.000186036253679988
(色,0.000186036253679988
12M,0.000186036253679988
2．ピントチェック,0.000186036253679988
2．画質,0.000186036253679988
3-Dトラッキング,0.000186036253679988
AVCHD再生,0.000186036253679988
BGM,0.000186036253679988
Nikon70D,0.000186036253679988
SDM,0.000186036253679988
おすすめデザイン,0.000186036253679988
インナーズーム仕様,0.000186036253679988
ズーム調節,0.000186036253679988
ペンタックスレンズ,0.000186036253679988
モノ,0.000186036253679988
・e-VR,0.000186036253679988
・クイックフォーカス,0.000186036253679988
単3電池,0.000186036253679988
専用ケース,0.000186036253679988
手持ち感覚,0.000186036253679988
親指AF,0.000186036253679988
クオリティー,0.000185694087640158
・携行性,0.000185694087640158
・表現力,0.000185694087640158
相乗効果,0.000185694087640158
連写撮影,0.000185694087640158
風景描写,0.000185694087640158
鏡筒,0.000184204124329369
エラー,0.000183833862048943
電池切れ,0.00018079114435938
画素,0.000179910265881577
能力,0.000179049174648694
(FA31Lim,0.000178612112885325
(明るさ),0.000178612112885325
18-135mm,0.000178612112885325
A16,0.000178612112885325
CR-V3,0.000178612112885325
HC7,0.000178612112885325
S4,0.000178612112885325
●画質発色,0.000178612112885325
「望遠」,0.000178612112885325
アイディア,0.000178612112885325
アプローチ,0.000178612112885325
ガッチリ感,0.000178612112885325
グリップ感・操作性,0.000178612112885325
スペア,0.000178612112885325
センサークリーニング機構,0.000178612112885325
デザイン上,0.000178612112885325
パラメーター設定,0.000178612112885325
プラスマイナス,0.000178612112885325
メニュー画面,0.000178612112885325
中央部,0.000178612112885325
中心付近解像度,0.000178612112885325
付け根付近,0.000178612112885325
保護ケース,0.000178612112885325
優先AE,0.000178612112885325
動画機能,0.000178612112885325
外出時,0.000178612112885325
多さ,0.000178612112885325
狙い,0.000178612112885325
現行モデル,0.000178612112885325
認識,0.000178612112885325
電気製品,0.000178612112885325
音質そのもの,0.000178612112885325
顔検出,0.000178612112885325
結果的,0.000177167559359246
映像,0.000176637724561767
ヌケ具合,0.000174039474507092
F30,0.000173838355257399
T10,0.000173838355257399
オートフォーカス,0.000173809815153023
シリーズ,0.000173653099547061
レビュー,0.000170909605238258
気配,0.000170736232003232
薄さ,0.000169464315697827
(グリップ側),0.000168375801484253
5___AF,0.000168375801484253
G9方,0.000168375801484253
アルミボディー,0.000168375801484253
ガタつき,0.000168375801484253
ズーム操作,0.000168375801484253
テレ端,0.000168375801484253
フォーカスレンズ,0.000168375801484253
作業,0.000168375801484253
内部メカ類,0.000168375801484253
成否,0.000168375801484253
指先,0.000168375801484253
操作・設定,0.000168375801484253
赤み,0.000168375801484253
追随,0.000168375801484253
間隔,0.000168375801484253
青み,0.000168375801484253
黄色,0.000168375801484253
315万画素,0.000167814814914134
F30fd,0.000167814814914134
LCD,0.000167814814914134
___コストパフォーマンス,0.000167814814914134
アイデア,0.000167814814914134
インフォリチウム,0.000167814814914134
カバーフィルム,0.000167814814914134
サブ液晶,0.000167814814914134
ソニー,0.000167814814914134
保護フィルム,0.000167814814914134
操作部,0.000167814814914134
操作面等,0.000167814814914134
映り具合,0.000167814814914134
材質・イメージ,0.000167814814914134
画質こだわり派,0.000167814814914134
周辺光量落ち,0.00016720251387037
(視野率・倍率etc.),0.000167142337168518
14−45,0.000167142337168518
1N,0.000167142337168518
5DX,0.000167142337168518
FZ8,0.000167142337168518
S1〜S3,0.000167142337168518
S8000,0.000167142337168518
●液晶,0.000167142337168518
アクティブD-ライティング,0.000167142337168518
シャッターバランサー,0.000167142337168518
ディテール,0.000167142337168518
モノクロ,0.000167142337168518
・___グリッド表示機能,0.000167142337168518
光学ファインダー,0.000167142337168518
再現,0.000167142337168518
広角画像,0.000167142337168518
抜群操作性,0.000167142337168518
暮れ部手,0.000167142337168518
軽いし画質,0.000167142337168518
間,0.00016659032567003
室内,0.000166513213905822
黒,0.000165346121189025
・マイク感度,0.000165214541247209
ブレ,0.000165142428480519
付けよう,0.000164137653470622
温かみ,0.000163025923221515
AF制度,0.00016255412330232
KDX共,0.00016255412330232
・上面液晶パネル,0.00016255412330232
一因,0.00016255412330232
光学系,0.00016255412330232
広告コピー,0.00016255412330232
描写性,0.00016255412330232
操作自体,0.00016255412330232
水準,0.00016255412330232
消費者,0.00016255412330232
画質・機能とも,0.00016255412330232
葉書サイズ,0.00016255412330232
解像度共,0.00016255412330232
説明書内,0.00016255412330232
連続撮影時,0.00016255412330232
所有満足度,0.000162272159079356
比率,0.000162272159079356
実用,0.0001612494743788
L版プリント,0.000160510660781743
動画撮影,0.000160510660781743
画質・使い勝手,0.000160510660781743
レンズ資産,0.000158747572868409
必然性,0.000156061992741278
実写性能,0.000156056504878544
格調,0.000156056504878544
湿度,0.000156056504878544
輝度,0.000156056504878544
鮮度,0.000156056504878544
バッテリ,0.000153190991065233
低下,0.00014838964045991
800IS,0.00014779482955781
92万画素,0.00014779482955781
F10,0.00014779482955781
キタムラ,0.00014779482955781
・ノイズ,0.00014779482955781
前玉,0.00014779482955781
単三電池仕様,0.00014779482955781
単三電池使用,0.00014779482955781
望遠レンズ,0.00014779482955781
短かさ,0.00014779482955781
信頼感,0.000147776457895905
高い,0.000146058249878868
記憶,0.000145679914586887
劣化,0.000144835569738887
結果,0.000144318693282278
申し分,0.000143554832889073
変更,0.000142713868438753
シャープ,0.000141768854157743
情報量,0.00014142105613668
誤動作,0.00014142105613668
ほか,0.000140076871441527
クイックセレクトリング,0.000139339494512372
密度,0.000138566463745087
プライス,0.000136458337347282
互換性,0.000135842468552235
疑問,0.000134682913045393
マウント,0.000134276070295339
目的,0.00013412224729947
伝統,0.000132237857698953
他社,0.000129836712959765
5本,0.000129280988185182
BSS,0.000129280988185182
●画質,0.000129280988185182
ハード(外装),0.000129280988185182
フォーカスリング,0.000129280988185182
ホールド感自体,0.000129280988185182
中心付近,0.000129280988185182
内野,0.000129280988185182
大きさ等,0.000129280988185182
始まり,0.000129280988185182
形,0.000129280988185182
液晶表示自体,0.000129280988185182
留-7D,0.000129280988185182
顔,0.000129280988185182
全体,0.000129077008719715
旅行,0.000128934922257534
28mm広角,0.00012809668095945
3．マクロモード,0.00012809668095945
8通し,0.00012809668095945
A720IS,0.00012809668095945
iフラッシュ,0.00012809668095945
アルカリ・オキシライド,0.00012809668095945
コイツ,0.00012809668095945
コンフォートレッド,0.00012809668095945
フルハイビジョン,0.00012809668095945
マイク,0.00012809668095945
・ピント,0.00012809668095945
充電器,0.00012809668095945
現況,0.00012809668095945
画素数UP,0.00012809668095945
色々使い勝手,0.00012809668095945
防止機能,0.00012809668095945
視野角,0.00012754700647017
深み,0.00012741572007327
愛着,0.00012489051971538
SDカード,0.000124801563110206
とまどい,0.000124603027291105
差異,0.000124251318880084
写真機能,0.00012420043646859
芯,0.000122626075795126
デジタルカメラ,0.000122556977338572
編集,0.000122556977338572
デジタル一眼レフ,0.000121262133707653
総合評価,0.000120111316876065
威圧感,0.000119263897061649
戸惑い,0.000119139275118209
破綻,0.000119123559746245
(自分,0.000118242477213693
機能性AF,0.000118242477213693
逞帷嵐,0.000118242477213693
モード設定,0.000118025752556244
E-510,0.000116724365245036
背景,0.000116724365245036
購入時,0.000116724365245036
選択肢,0.000116587596678361
光学ズーム,0.000116384518159396
(階調表現,0.000114816731387952
「機能性」,0.000114816731387952
コンパクト&質感,0.000114816731387952
ボデー品質,0.000114816731387952
・コストパフォーマンス,0.000114816731387952
保存性,0.000114816731387952
性能共,0.000114816731387952
画質・デザイン・ホールド感・操作性・・・etc.,0.000114816731387952
転送速度・容量・手扱い性,0.000114816731387952
階調表現,0.000114816731387952
高感度特性,0.000114816731387952
買い替え,0.00011462577150478
購入金額,0.000113395788729276
仕様,0.000113360981398907
使用回数,0.000112797376103154
状況,0.000112428127569705
ひとつ,0.000111683859540755
バリアングル,0.000111652046168117
レンズ自体,0.000108381745279659
(Anti-Shake)機能,0.000108152568772613
10倍ズ−ム,0.000108152568772613
5コマ,0.000108152568772613
70−300,0.000108152568772613
ハイビジョン画像,0.000108152568772613
ホールド感・ファインダー・シャッター音,0.000108152568772613
マニュアル操作,0.000108152568772613
冬,0.000108152568772613
松下ライカレンズ,0.000108152568772613
糸巻き収差,0.000108152568772613
暗い,0.000107616405396172
・評判,0.000107559963348489
上記,0.000107559963348489
光条件,0.000107559963348489
効率,0.000107559963348489
方々,0.000107559963348489
極小画素,0.000107559963348489
足場,0.000107559963348489
電波状態,0.000107559963348489
音声,0.000107559963348489
微調整,0.000106927650860821
18−70,0.000106823089527025
8EXDCMACRO,0.000106823089527025
900IS,0.000106823089527025
DSC-P9,0.000106823089527025
GOLD,0.000106823089527025
HG10,0.000106823089527025
キスデジ,0.000106823089527025
シャッター速度,0.000106823089527025
スーパーマクロ,0.000106823089527025
ブル−,0.000106823089527025
ポートレート,0.000106823089527025
一枚,0.000106823089527025
富士,0.000106823089527025
操作方,0.000106823089527025
文字,0.000106823089527025
暗部,0.000106823089527025
杓子,0.000106823089527025
目玉,0.000106823089527025
静止画切り出し,0.000106823089527025
世界,0.000106526061257116
メディア,0.000106515140386957
室内撮影,0.000104793986761161
ガタ,0.000104527264936542
(最初,0.000103838887938247
3万円,0.000103838887938247
E-410,0.000103023396088987
採点,0.000102791553719794
消耗,0.000101292732231309
転送スピード,0.000101292732231309
個性,0.00010102258131224
箇所,0.000100742399976964
総体的,0.000100182519597008
24mm,9.96136603177977e-05
35mm,9.96136603177977e-05
600万画素,9.96136603177977e-05
しばらく,9.96136603177977e-05
画質的,9.95174118189955e-05
迫力,9.8919544568575e-05
奥行き,9.85555473078313e-05
予定,9.6622568735033e-05
「コントラスト」,9.64865971826949e-05
拡大率,9.64865971826949e-05
防止効果,9.64865971826949e-05
使用経験,9.6422826852351e-05
40D,9.61321216561189e-05
防水機能,9.60477214112481e-05
記録方式,9.51283798099828e-05
雲泥の差,9.46839657557176e-05
暖かみ,9.40631757552711e-05
ボディー,9.37379200517362e-05
統一感,9.35236370198076e-05
コク,9.35050023977774e-05
EOS-1VHS,9.18845865619546e-05
F31fd並み,9.18845865619546e-05
バリアングル液晶,9.18845865619546e-05
ブレ性能,9.18845865619546e-05
・MF,9.18845865619546e-05
・ボケ,9.18845865619546e-05
使い心地,9.18845865619546e-05
液晶フィルタ,9.18845865619546e-05
Nikon機,9.17931260835399e-05
被写体,9.14328602698398e-05
口径,9.06115230430908e-05
傷,8.99348000026556e-05
丸み,8.96190860275158e-05
「可,8.90528531734137e-05
逆光性能,8.88173840279325e-05
シグマ,8.74954223872652e-05
歪曲,8.73624323261568e-05
電池,8.72514256102114e-05
ソフト,8.69738276980768e-05
ゆとり,8.6720897627167e-05
(*istDS,8.65667245185415e-05
(JPEG),8.65667245185415e-05
(左)18−28,8.65667245185415e-05
)描写自体,8.65667245185415e-05
28−200,8.65667245185415e-05
2操作,8.65667245185415e-05
A650,8.65667245185415e-05
DR,8.65667245185415e-05
MF操作感,8.65667245185415e-05
___背面・上下面,8.65667245185415e-05
クロップ時,8.65667245185415e-05
スポット測光,8.65667245185415e-05
デビュー当時,8.65667245185415e-05
ファーストインプレッション,8.65667245185415e-05
モードIIIa,8.65667245185415e-05
前ピン具合,8.65667245185415e-05
単三,8.65667245185415e-05
嫁,8.65667245185415e-05
描画力,8.65667245185415e-05
柔らかさ,8.65667245185415e-05
機体,8.65667245185415e-05
機能アップ,8.65667245185415e-05
画質自体,8.65667245185415e-05
画質色乗り,8.65667245185415e-05
花火,8.65667245185415e-05
高感度重視,8.65667245185415e-05
，R5,8.65667245185415e-05
F50fd,8.64404239971731e-05
GUI,8.58224126469757e-05
三脚座,8.58224126469757e-05
醍醐味,8.58224126469757e-05
評判どおりコントラスト,8.44962031753556e-05
最高,8.44016061254076e-05
もたつき,8.27247074941448e-05
(ユーザ自身,8.26072706236042e-05
4___メディア,8.26072706236042e-05
"“感""",8.26072706236042e-05
○基本性能,8.26072706236042e-05
○感度,8.26072706236042e-05
「彩度,8.26072706236042e-05
おそれ,8.26072706236042e-05
アクセサリー,8.26072706236042e-05
カット,8.26072706236042e-05
グリーン,8.26072706236042e-05
ジイージイー音,8.26072706236042e-05
セミハードケース,8.26072706236042e-05
・シャープネス,8.26072706236042e-05
・専用電池,8.26072706236042e-05
予備電池,8.26072706236042e-05
光学性能,8.26072706236042e-05
技術レベル,8.26072706236042e-05
画質レベル,8.26072706236042e-05
短い,8.26072706236042e-05
競争,8.26072706236042e-05
要求精度,8.26072706236042e-05
遮光性,8.26072706236042e-05
防塵防沫性,8.26072706236042e-05
容量,8.24591906757941e-05
割り,8.20064754948329e-05
R1,8.19764873919461e-05
面白さ,8.17796521243784e-05
艶,8.13501196321545e-05
喜び,8.02802812597057e-05
距離,7.98624549041829e-05
ちょっと,7.94489011738892e-05
○操作性,7.87541648106412e-05
キャノン,7.87541648106412e-05
2．効果,7.80282524392721e-05
「単焦点レンズ」・「評価,7.80282524392721e-05
「敷居,7.80282524392721e-05
ぶん利用価値,7.80282524392721e-05
コストパフォーマンス比,7.80282524392721e-05
一段グレード,7.80282524392721e-05
住宅,7.80282524392721e-05
単焦点並み,7.80282524392721e-05
天井,7.80282524392721e-05
実用度,7.80282524392721e-05
少ない=天井,7.80282524392721e-05
常用度,7.80282524392721e-05
感想___使用頻度,7.80282524392721e-05
技術,7.80282524392721e-05
映画風,7.80282524392721e-05
格式,7.80282524392721e-05
機能&画質…レベル,7.80282524392721e-05
独創性,7.80282524392721e-05
空間周波数,7.80282524392721e-05
背,7.80282524392721e-05
色温度,7.80282524392721e-05
楽しみ,7.80116535052057e-05
ズーム倍率,7.6509995280171e-05
長所,7.53635554869415e-05
開放,7.50828287241623e-05
素晴らしい,7.11073058620804e-05
G9,7.10516524961413e-05
GRD,7.10516524961413e-05
KDX,7.10516524961413e-05
やたら,7.10516524961413e-05
カリッ,7.10516524961413e-05
チョッ,7.10516524961413e-05
ベストショット機能,7.10516524961413e-05
安さ,7.10516524961413e-05
植毛仕上げ,7.10516524961413e-05
画格,7.10516524961413e-05
硬さ,7.10516524961413e-05
輝き,6.92419537400328e-05
当初,6.83915044787667e-05
説明,6.82935742944582e-05
(230枚),6.82291686736411e-05
(サイズ・利便性),6.82291686736411e-05
10%),6.82291686736411e-05
19800),6.82291686736411e-05
AF-Sなし,6.82291686736411e-05
BODYサイズ,6.82291686736411e-05
CCDサイズ,6.82291686736411e-05
HD容量,6.82291686736411e-05
LX3,6.82291686736411e-05
MF併用,6.82291686736411e-05
SDM付,6.82291686736411e-05
T50,6.82291686736411e-05
「性能,6.82291686736411e-05
お値段,6.82291686736411e-05
システム,6.82291686736411e-05
シャッターチャンス,6.82291686736411e-05
ステップアップ,6.82291686736411e-05
ズーム比,6.82291686736411e-05
セッティング等,6.82291686736411e-05
ノートPC能力,6.82291686736411e-05
ハンディキャップ,6.82291686736411e-05
ハード面,6.82291686736411e-05
ピッチ幅,6.82291686736411e-05
ボケ量,6.82291686736411e-05
メンテナンス,6.82291686736411e-05
レンズ口径,6.82291686736411e-05
レンズ特性,6.82291686736411e-05
両立,6.82291686736411e-05
住み分け,6.82291686736411e-05
価格&液晶,6.82291686736411e-05
価格」,6.82291686736411e-05
値段差,6.82291686736411e-05
兼用,6.82291686736411e-05
加工,6.82291686736411e-05
取材使用,6.82291686736411e-05
家計,6.82291686736411e-05
成長,6.82291686736411e-05
手間暇,6.82291686736411e-05
技術的限界,6.82291686736411e-05
持ち時間,6.82291686736411e-05
携行,6.82291686736411e-05
撮影シチュエーション,6.82291686736411e-05
昆虫類,6.82291686736411e-05
本体サイズ,6.82291686736411e-05
機器環境,6.82291686736411e-05
機能比較,6.82291686736411e-05
気温差,6.82291686736411e-05
海外旅行,6.82291686736411e-05
画角効果,6.82291686736411e-05
画角等,6.82291686736411e-05
留-7銀塩,6.82291686736411e-05
磨耗,6.82291686736411e-05
耐久性・コスト等,6.82291686736411e-05
補正」,6.82291686736411e-05
補正つき),6.82291686736411e-05
製品価格,6.82291686736411e-05
購入層,6.82291686736411e-05
重み,6.80416438320315e-05
打ち所,6.74453046787591e-05
甲斐,6.71024527578148e-05
工夫,6.70134938793617e-05
少ない,6.58985387486279e-05
勝負,6.57908080472476e-05
花,6.57480226298794e-05
1本,6.47548915191459e-05
SWM,6.42947415905163e-05
という,6.42947415905163e-05
大口径SWM,6.42947415905163e-05
撮影、,6.42947415905163e-05
改善,6.42947415905163e-05
映像管理,6.42947415905163e-05
格好良さ,6.42947415905163e-05
確認,6.42947415905163e-05
質感、,6.42947415905163e-05
超広角,6.42947415905163e-05
2)表現力,6.40785433482349e-05
A40,6.40785433482349e-05
「デザイン」,6.40785433482349e-05
あとグリッブ,6.40785433482349e-05
ダークメタリック色,6.40785433482349e-05
フィーリングそのもの,6.40785433482349e-05
・シャッター音,6.40785433482349e-05
・操作感,6.40785433482349e-05
1ヶ月,6.40453657461953e-05
半年,6.40453657461953e-05
ロス,6.39105761576235e-05
覚え,6.36439168975356e-05
仕事,6.34554210432651e-05
多少,6.32693826059854e-05
暗さ,6.32693826059854e-05
場所,6.23672782897388e-05
使い道,6.22631967762689e-05
スイッチ,6.20089346663654e-05
利用価値,6.11331613445357e-05
残量,6.0798579696763e-05
悪く,5.93685687822757e-05
惜しげ,5.93685687822757e-05
色収差,5.93685687822757e-05
(SDカード,5.91212386068464e-05
(カタログ上,5.91212386068464e-05
(テープ,5.91212386068464e-05
(ニッコールVR,5.91212386068464e-05
16-35L2,5.91212386068464e-05
?あまり視野角,5.91212386068464e-05
D1,5.91212386068464e-05
DX,5.91212386068464e-05
MS,5.91212386068464e-05
T100,5.91212386068464e-05
VR性能,5.91212386068464e-05
「マクロ」,5.91212386068464e-05
あまり影響,5.91212386068464e-05
いま,5.91212386068464e-05
とこ,5.91212386068464e-05
ぶんホールド,5.91212386068464e-05
やり方,5.91212386068464e-05
やわらかさ,5.91212386068464e-05
コンパクトタイプ,5.91212386068464e-05
テープ自体,5.91212386068464e-05
バッテリー共不満,5.91212386068464e-05
バリアングル機,5.91212386068464e-05
ピンボケもどき,5.91212386068464e-05
ブロックノイズ,5.91212386068464e-05
マイナス評価,5.91212386068464e-05
マルチセレクタ,5.91212386068464e-05
ミス,5.91212386068464e-05
ルックス,5.91212386068464e-05
・通常使用,5.91212386068464e-05
三脚,5.91212386068464e-05
不足感,5.91212386068464e-05
予備バッテリ,5.91212386068464e-05
他意,5.91212386068464e-05
偽り,5.91212386068464e-05
先,5.91212386068464e-05
動体追尾能力,5.91212386068464e-05
取り付け,5.91212386068464e-05
変圧器,5.91212386068464e-05
大きさ自体,5.91212386068464e-05
手ブレミス,5.91212386068464e-05
手抜き,5.91212386068464e-05
手抜き感,5.91212386068464e-05
携帯性・外観・ホールド感,5.91212386068464e-05
未練,5.91212386068464e-05
材料,5.91212386068464e-05
様子,5.91212386068464e-05
機能・画質,5.91212386068464e-05
液晶モニタ,5.91212386068464e-05
深さ等,5.91212386068464e-05
減光,5.91212386068464e-05
目新しさ,5.91212386068464e-05
落胆,5.91212386068464e-05
表面上,5.91212386068464e-05
装備,5.91212386068464e-05
視野角度,5.91212386068464e-05
購入後,5.91212386068464e-05
趣味,5.91212386068464e-05
転送スピード満足度,5.91212386068464e-05
辛く,5.91212386068464e-05
鏡胴,5.91212386068464e-05
防止モード,5.91212386068464e-05
防止機能】,5.91212386068464e-05
静止画撮影,5.91212386068464e-05
顔認識AF,5.91212386068464e-05
ノイズ感,5.86136744125774e-05
味わい,5.83688516429025e-05
シャープネス,5.82713245607481e-05
28㎜,5.81174686900235e-05
多機能,5.75370579188265e-05
メーカー,5.74041412952647e-05
使い甲斐,5.70810888737788e-05
250枚,5.70276391769935e-05
28cm,5.70276391769935e-05
MF時,5.70276391769935e-05
つき,5.70276391769935e-05
も,5.70276391769935e-05
よう,5.70276391769935e-05
ケラレ,5.70276391769935e-05
ゴミ問題,5.70276391769935e-05
ピント外れ・露出外れ,5.70276391769935e-05
メモリー転送速度,5.70276391769935e-05
レンズメーカー,5.70276391769935e-05
一回,5.70276391769935e-05
乱写,5.70276391769935e-05
人物,5.70276391769935e-05
動作速度,5.70276391769935e-05
操作ボタン,5.70276391769935e-05
流れ,5.70276391769935e-05
質感等,5.70276391769935e-05
起動,5.70276391769935e-05
遅さ,5.70276391769935e-05
(他社,5.67641700772604e-05
1D,5.67641700772604e-05
1点,5.67641700772604e-05
1点目,5.67641700772604e-05
2台目,5.67641700772604e-05
42mm相当,5.67641700772604e-05
4Lモデル,5.67641700772604e-05
8D,5.67641700772604e-05
AVCHDデータそのもの,5.67641700772604e-05
Dレンジオプティマイザー,5.67641700772604e-05
SD1,5.67641700772604e-05
いつか,5.67641700772604e-05
グリーンモード,5.67641700772604e-05
ダイナミックレンジ,5.67641700772604e-05
テレコンバータ使用時,5.67641700772604e-05
ノブ,5.67641700772604e-05
パナ,5.67641700772604e-05
ピシャリ感,5.67641700772604e-05
フラッシュ撮影,5.67641700772604e-05
ペンタックスさん,5.67641700772604e-05
メニュー周り,5.67641700772604e-05
モーター音,5.67641700772604e-05
ローレット,5.67641700772604e-05
・標準,5.67641700772604e-05
・視野角,5.67641700772604e-05
今夜,5.67641700772604e-05
作動,5.67641700772604e-05
取り外し,5.67641700772604e-05
拡大等),5.67641700772604e-05
撮影終了後,5.67641700772604e-05
次回,5.67641700772604e-05
欲求,5.67641700772604e-05
画素数競争,5.67641700772604e-05
縦位置,5.67641700772604e-05
追随性,5.67641700772604e-05
重さ・大きさ,5.67641700772604e-05
開発者,5.67641700772604e-05
(機能,5.66978943646378e-05
22000円,5.66978943646378e-05
F4通し,5.66978943646378e-05
USM+IS付き,5.66978943646378e-05
■性能,5.66978943646378e-05
「トータル性能,5.66978943646378e-05
イニシャルコスト,5.66978943646378e-05
カテゴリー,5.66978943646378e-05
コスト面,5.66978943646378e-05
ズーム・価格,5.66978943646378e-05
トリミング,5.66978943646378e-05
ポケットサイズ,5.66978943646378e-05
メール送信,5.66978943646378e-05
ユーザー層,5.66978943646378e-05
位置づけ,5.66978943646378e-05
使用目的,5.66978943646378e-05
口径比,5.66978943646378e-05
向上度,5.66978943646378e-05
売価,5.66978943646378e-05
平面性,5.66978943646378e-05
持久力,5.66978943646378e-05
撮影位置,5.66978943646378e-05
撮影結果,5.66978943646378e-05
昨日,5.66978943646378e-05
書き込みスピード等,5.66978943646378e-05
機能・性能,5.66978943646378e-05
活躍,5.66978943646378e-05
焦点域,5.66978943646378e-05
画質・高性能・液晶,5.66978943646378e-05
発売時期,5.66978943646378e-05
軽量・コンパクト,5.66978943646378e-05
防塵防滴性能等,5.66978943646378e-05
防水,5.66978943646378e-05
フォルム,5.49066349543135e-05
軽量化,5.43411280148192e-05
制限,5.43245823130264e-05
壁,5.30064311414421e-05
粗,5.27550344196617e-05
難点,5.27550344196617e-05
デメリット,5.19484377459903e-05
物足りなさ,5.19484377459903e-05
600mm,5.19194439691236e-05
9)満足感,5.19194439691236e-05
C/P,5.19194439691236e-05
デザインボディ剛性,5.19194439691236e-05
ブランドイメージ,5.19194439691236e-05
充実感,5.19194439691236e-05
合成,5.19194439691236e-05
大型モニター,5.19194439691236e-05
確率,5.19194439691236e-05
絵づくり,5.17992167319079e-05
古さ,5.14739461279057e-05
3ヶ月,5.12362925969562e-05
アンダー,5.12362925969562e-05
犠牲,5.12362925969562e-05
つけどころ,5.05839785090693e-05
付け所,5.05839785090693e-05
大きい,5.05239861297997e-05
フェイスキャッチ機能,5.00751618619216e-05
(5D,4.98068301588989e-05
(K20D,4.98068301588989e-05
(R2,4.98068301588989e-05
(←SD,4.98068301588989e-05
(キャノン,4.98068301588989e-05
(シーンモード,4.98068301588989e-05
(ホント,4.98068301588989e-05
(画像,4.98068301588989e-05
(砂時計),4.98068301588989e-05
(色調,4.98068301588989e-05
18mm単焦点,4.98068301588989e-05
2LUSM,4.98068301588989e-05
2面性,4.98068301588989e-05
3個,4.98068301588989e-05
4本,4.98068301588989e-05
4段分,4.98068301588989e-05
6万円,4.98068301588989e-05
8)ホールド感,4.98068301588989e-05
900g,4.98068301588989e-05
A-M切り替えリング,4.98068301588989e-05
BDドライブ,4.98068301588989e-05
CCD不良,4.98068301588989e-05
Canonさん,4.98068301588989e-05
DRO,4.98068301588989e-05
DVD,4.98068301588989e-05
DX用AT-Xシリーズ,4.98068301588989e-05
HC1,4.98068301588989e-05
HDD機,4.98068301588989e-05
IS機能,4.98068301588989e-05
K100DS,4.98068301588989e-05
L-10,4.98068301588989e-05
Limited,4.98068301588989e-05
ModelA18竇。,4.98068301588989e-05
P5100,4.98068301588989e-05
S6000,4.98068301588989e-05
S8,4.98068301588989e-05
SETUP,4.98068301588989e-05
SP-560UZ,4.98068301588989e-05
TX1,4.98068301588989e-05
iA,4.98068301588989e-05
xD,4.98068301588989e-05
○バッテリー持ち,4.98068301588989e-05
「IXY910IS」,4.98068301588989e-05
「ホールディング」,4.98068301588989e-05
「作品」,4.98068301588989e-05
おすすめ,4.98068301588989e-05
ねじ込み型フード,4.98068301588989e-05
は,4.98068301588989e-05
ぼけ方,4.98068301588989e-05
りと描写性,4.98068301588989e-05
ガイドナンバー,4.98068301588989e-05
ココ,4.98068301588989e-05
コンパクトカメラ,4.98068301588989e-05
スイートスポット,4.98068301588989e-05
セールスポイント,4.98068301588989e-05
ソニーさん,4.98068301588989e-05
デジイチ,4.98068301588989e-05
バッテリー自体,4.98068301588989e-05
ビデオ,4.98068301588989e-05
ファンクション方式,4.98068301588989e-05
フォーカシングスクリーン自体,4.98068301588989e-05
フャンクションボタン,4.98068301588989e-05
ブースター,4.98068301588989e-05
ホールド間,4.98068301588989e-05
マイク等,4.98068301588989e-05
メカ,4.98068301588989e-05
メモリ,4.98068301588989e-05
メンテ,4.98068301588989e-05
ラバーグリップ,4.98068301588989e-05
ワタシ,4.98068301588989e-05
・___画質,4.98068301588989e-05
・ラバーグリップ,4.98068301588989e-05
・信頼感,4.98068301588989e-05
・静止画,4.98068301588989e-05
・高感度画質,4.98068301588989e-05
三洋さん,4.98068301588989e-05
価格性能比,4.98068301588989e-05
充電池EN-EL5,4.98068301588989e-05
可動式モニター,4.98068301588989e-05
屋内ノンフラッシュ撮影,4.98068301588989e-05
常用域,4.98068301588989e-05
悦び,4.98068301588989e-05
手持ち,4.98068301588989e-05
操作面,4.98068301588989e-05
数値,4.98068301588989e-05
昼間映像,4.98068301588989e-05
標準画質,4.98068301588989e-05
液晶液晶,4.98068301588989e-05
満点度___レンズ,4.98068301588989e-05
画像品質収差,4.98068301588989e-05
画像確認,4.98068301588989e-05
立体的三重構造,4.98068301588989e-05
結論,4.98068301588989e-05
総合バランス,4.98068301588989e-05
縦持ち,4.98068301588989e-05
赤ちゃん,4.98068301588989e-05
通常,4.98068301588989e-05
道具,4.98068301588989e-05
遮光カバー,4.98068301588989e-05
金額,4.98068301588989e-05
電源ボタン,4.98068301588989e-05
静物写真,4.98068301588989e-05
高倍率,4.98068301588989e-05
高感度オート時,4.98068301588989e-05
高感度モード,4.98068301588989e-05
LX2,4.97587059094977e-05
トータル的,4.97587059094977e-05
ボデー,4.97587059094977e-05
初心者,4.97587059094977e-05
性能・画質,4.97587059094977e-05
本体そのもの,4.97587059094977e-05
自分的,4.97587059094977e-05
買物,4.97587059094977e-05
通常使用時,4.97587059094977e-05
連写速度,4.97587059094977e-05
防水性能,4.97587059094977e-05
高画質,4.97587059094977e-05
実写サンプル,4.94748150137179e-05
外装,4.94509314050392e-05
存在意義,4.94509314050392e-05
恩恵,4.94509314050392e-05
シーン,4.78002226498787e-05
偏り,4.78002226498787e-05
個体差,4.74872383731488e-05
___液晶,4.6792051645717e-05
「人物モード」,4.6792051645717e-05
アルカリ電池,4.6792051645717e-05
ジョイスティック,4.6792051645717e-05
チープさ,4.6792051645717e-05
パンフォーカス画質,4.6792051645717e-05
・ホワイトバランス,4.6792051645717e-05
・連写,4.6792051645717e-05
広角視野,4.6792051645717e-05
機能性・携帯性,4.6792051645717e-05
在庫,4.67525011988887e-05
強度,4.67525011988887e-05
それなり,4.65705628046598e-05
向上,4.63090871707188e-05
INON対応,4.56653031180087e-05
アングル,4.56653031180087e-05
スキー用途,4.56653031180087e-05
ズーム比等,4.56653031180087e-05
ソニー留100,4.56653031180087e-05
使用範囲,4.56653031180087e-05
価格等,4.56653031180087e-05
利用性,4.56653031180087e-05
移行,4.56653031180087e-05
絞り,4.56653031180087e-05
レタッチ,4.55989347725724e-05
充電,4.55989347725724e-05
6)機能性,4.51929751796291e-05
→実感,4.51929751796291e-05
かく,4.51929751796291e-05
でかい,4.51929751796291e-05
キャノンLレンズシリーズ,4.51929751796291e-05
ダスト機能,4.51929751796291e-05
ブレ防止機能,4.51929751796291e-05
外観上,4.51929751796291e-05
好評価,4.51929751796291e-05
我が家,4.51929751796291e-05
手ブレ機能,4.51929751796291e-05
手ブレ補正機能,4.51929751796291e-05
総合評価」,4.51929751796291e-05
色使い,4.51929751796291e-05
色精度,4.51929751796291e-05
華,4.51929751796291e-05
記載,4.51929751796291e-05
資格,4.51929751796291e-05
速写性,4.51929751796291e-05
関係,4.51929751796291e-05
防止機構,4.51929751796291e-05
静物,4.51929751796291e-05
高速性,4.51929751796291e-05
交換,4.44061627067988e-05
すばらしい,4.42018387791311e-05
家,4.35622531954136e-05
デザイン性,4.31564890074118e-05
小さい,4.25485401149362e-05
HD720-60p,4.22481015876778e-05
『画質』ノイズ耐性,4.22481015876778e-05
グループ内製化率,4.22481015876778e-05
ユーザー評価,4.22481015876778e-05
均一性,4.22481015876778e-05
対逆光性能,4.22481015876778e-05
最大撮影倍率,4.22481015876778e-05
画像圧縮度,4.22481015876778e-05
的中率,4.22481015876778e-05
色彩感,4.22481015876778e-05
親和性,4.22481015876778e-05
20D,4.1549072276057e-05
表情,4.14692387229433e-05
買い物,4.11132632265555e-05
(乾電池式ゆえに,4.10032377474164e-05
F710,4.10032377474164e-05
おまけ,4.10032377474164e-05
に,4.10032377474164e-05
カメラ部,4.10032377474164e-05
プラスチックボディー,4.10032377474164e-05
レンズ),4.10032377474164e-05
中心,4.10032377474164e-05
光量・画質・ボケ,4.10032377474164e-05
同傾向,4.10032377474164e-05
操作性5D,4.10032377474164e-05
暖色傾向,4.10032377474164e-05
機種ごと,4.10032377474164e-05
薄型カメラ,4.10032377474164e-05
評価項目,4.10032377474164e-05
連射能力,4.10032377474164e-05
周辺ボケ,4.02387151093112e-05
ラインナップ,4.01012399524382e-05
選択,3.97636097315649e-05
USM,3.9321192354733e-05
角度,3.89945813767764e-05
参考,3.8716348552889e-05
2ヶ月,3.84272194477171e-05
3台目,3.84272194477171e-05
一杯,3.84272194477171e-05
武器,3.84272194477171e-05
筋肉痛,3.84272194477171e-05
頼り,3.84272194477171e-05
併用,3.79352288034982e-05
症状,3.79352288034982e-05
31FD,3.65035482622017e-05
810IS,3.65035482622017e-05
A800,3.65035482622017e-05
Canon,3.65035482622017e-05
T200,3.65035482622017e-05
おっちゃん,3.65035482622017e-05
インターフェース,3.65035482622017e-05
デザイン・携帯性,3.65035482622017e-05
デジタル部分,3.65035482622017e-05
夕景,3.65035482622017e-05
威力,3.65035482622017e-05
撮影機能自体,3.65035482622017e-05
総じて,3.65035482622017e-05
自分自身,3.65035482622017e-05
青,3.63093127429552e-05
レンズフード,3.59662866208021e-05
対象,3.55980434593657e-05
締まり,3.50283977381821e-05
多い,3.45927433923634e-05
厚さ,3.39962479861638e-05
塊感,3.39962479861638e-05
期待,3.39723643774851e-05
経緯,3.39723643774851e-05
運動会,3.39723643774851e-05
てしょう,3.37226523393795e-05
付け様,3.37226523393795e-05
ピン,3.25034088629026e-05
力,3.25034088629026e-05
(本質),3.22934783294201e-05
200円,3.22934783294201e-05
Lレンズ,3.22934783294201e-05
SB‐800,3.22934783294201e-05
・満足度,3.22934783294201e-05
亮780,3.22934783294201e-05
信頼度,3.22934783294201e-05
個人的満足度,3.22934783294201e-05
平均点,3.22934783294201e-05
検出能力,3.22934783294201e-05
満足ど,3.22934783294201e-05
第一印象,3.22934783294201e-05
防止,3.22934783294201e-05
ほしい,3.06257242594296e-05
50mm標準レンズ,3.03992898483816e-05
レンズ交換,3.03992898483816e-05
枚数,3.03992898483816e-05
注意,3.03992898483816e-05
直し,3.03992898483816e-05
舞台撮影,3.03992898483816e-05
限界,3.00710039555002e-05
(可,2.96842843911379e-05
1200万画素,2.96842843911379e-05
2線ぼけ,2.96842843911379e-05
DVDレコーダー,2.96842843911379e-05
WB等,2.96842843911379e-05
☆デザイン可,2.96842843911379e-05
【画質】可,2.96842843911379e-05
あまり違和感,2.96842843911379e-05
げ,2.96842843911379e-05
ひずみ感,2.96842843911379e-05
エフェクト,2.96842843911379e-05
エラ−,2.96842843911379e-05
クレードル,2.96842843911379e-05
チープ感,2.96842843911379e-05
フレア等,2.96842843911379e-05
メーカー在庫,2.96842843911379e-05
レトロ感,2.96842843911379e-05
二,2.96842843911379e-05
以降,2.96842843911379e-05
何事,2.96842843911379e-05
個体不良,2.96842843911379e-05
偽色,2.96842843911379e-05
前ピン,2.96842843911379e-05
合い,2.96842843911379e-05
周辺光量低下,2.96842843911379e-05
年甲斐,2.96842843911379e-05
抵抗感,2.96842843911379e-05
撮影技術,2.96842843911379e-05
機能性可,2.96842843911379e-05
歪,2.96842843911379e-05
殆どノイズ,2.96842843911379e-05
決定打,2.96842843911379e-05
煩わしさ,2.96842843911379e-05
現象,2.96842843911379e-05
画像自体,2.96842843911379e-05
発生,2.96842843911379e-05
粒子感,2.96842843911379e-05
自己放電,2.96842843911379e-05
色変化,2.96842843911379e-05
苦,2.96842843911379e-05
苦情,2.96842843911379e-05
被写体ブレ,2.96842843911379e-05
赤っぽく,2.96842843911379e-05
輪郭ボケ,2.96842843911379e-05
金,2.96842843911379e-05
音割れ,2.96842843911379e-05
ガタツキ,2.8948930752419e-05
収差,2.8948930752419e-05
旨味,2.8948930752419e-05
一番色再現性,2.87039051820761e-05
使用率,2.87039051820761e-05
所有感,2.87039051820761e-05
持ち出し率,2.87039051820761e-05
貢献度,2.87039051820761e-05
すばらしさ,2.85405444368894e-05
実績,2.85405444368894e-05
要素,2.85405444368894e-05
躍動感,2.85405444368894e-05
環,2.82625746695365e-05
(ビクター,2.80519579746609e-05
135mm,2.80519579746609e-05
1．デザイン,2.80519579746609e-05
30分,2.80519579746609e-05
EX-Z1050,2.80519579746609e-05
F80s,2.80519579746609e-05
L1,2.80519579746609e-05
SIGMAレンズ,2.80519579746609e-05
さらに,2.80519579746609e-05
シャドー,2.80519579746609e-05
スイッチ関係,2.80519579746609e-05
トータル性能,2.80519579746609e-05
ピントあわせ,2.80519579746609e-05
ムービー,2.80519579746609e-05
メニュー体系,2.80519579746609e-05
・SR1,2.80519579746609e-05
・・・撮影モード,2.80519579746609e-05
・機能,2.80519579746609e-05
上面,2.80519579746609e-05
中古価格,2.80519579746609e-05
仕上げ,2.80519579746609e-05
偏光板,2.80519579746609e-05
分類,2.80519579746609e-05
初め,2.80519579746609e-05
周辺不部分,2.80519579746609e-05
商品選び,2.80519579746609e-05
感想:・ブラック塗装,2.80519579746609e-05
絵作り,2.80519579746609e-05
表現描写,2.80519579746609e-05
達成感,2.80519579746609e-05
階層選択,2.80519579746609e-05
響き,2.80519579746609e-05
イイ描写,2.80314792115907e-05
働き,2.80314792115907e-05
再充電,2.80314792115907e-05
写り方,2.80314792115907e-05
液晶パネル装着,2.80314792115907e-05
激写,2.80314792115907e-05
結果報告,2.80314792115907e-05
電源スイッチ,2.71925763051851e-05
点数,2.67233201616622e-05
結局,2.67233201616622e-05
7)液晶,2.65955913235227e-05
S5,2.65955913235227e-05
X,2.65955913235227e-05
じれったさ,2.65955913235227e-05
そう,2.65955913235227e-05
マイナス要素,2.65955913235227e-05
・AF速度,2.65955913235227e-05
・バッテリー,2.65955913235227e-05
不便,2.65955913235227e-05
性能差,2.65955913235227e-05
荒さ,2.65955913235227e-05
重く,2.65955913235227e-05
重量差,2.65955913235227e-05
(G5,2.63775172098308e-05
(ディストーション),2.63775172098308e-05
(希望)点,2.63775172098308e-05
5、・携帯性,2.63775172098308e-05
600万画素クラス,2.63775172098308e-05
7，画質,2.63775172098308e-05
>携帯性厚み,2.63775172098308e-05
AFフレーム,2.63775172098308e-05
D端子,2.63775172098308e-05
EOS-1,2.63775172098308e-05
ISレンズ,2.63775172098308e-05
RAW,2.63775172098308e-05
S5Pro,2.63775172098308e-05
VF-1,2.63775172098308e-05
○高速1点AF,2.63775172098308e-05
しょぼさ,2.63775172098308e-05
カタログ仕様上,2.63775172098308e-05
ザクティ,2.63775172098308e-05
ズレ,2.63775172098308e-05
センサー,2.63775172098308e-05
デザイン的,2.63775172098308e-05
ノッペリ感,2.63775172098308e-05
パワー,2.63775172098308e-05
フィルムカメラ,2.63775172098308e-05
フリーアングル,2.63775172098308e-05
ボイスレコーダー,2.63775172098308e-05
マイナス面,2.63775172098308e-05
・カラー補正機能,2.63775172098308e-05
・動画,2.63775172098308e-05
・厚み,2.63775172098308e-05
・液晶…発色,2.63775172098308e-05
不満要素,2.63775172098308e-05
個人差,2.63775172098308e-05
動機,2.63775172098308e-05
可動範囲,2.63775172098308e-05
周辺,2.63775172098308e-05
噂,2.63775172098308e-05
好み,2.63775172098308e-05
性能評価,2.63775172098308e-05
意見,2.63775172098308e-05
液晶側,2.63775172098308e-05
液晶自体,2.63775172098308e-05
竭、アクティブDライティング,2.63775172098308e-05
総評,2.63775172098308e-05
若干色収差,2.63775172098308e-05
表示フリーズ,2.63775172098308e-05
要望,2.63775172098308e-05
贔屓目,2.63775172098308e-05
軽薄機種,2.63775172098308e-05
開放時,2.63775172098308e-05
"音""",2.63775172098308e-05
願望,2.63775172098308e-05
お値打ち感,2.62273658007932e-05
レヴュー,2.62273658007932e-05
16mm域,2.5899608365954e-05
E410,2.5899608365954e-05
S70,2.5899608365954e-05
カッコよさ,2.5899608365954e-05
サードパーティー製,2.5899608365954e-05
デジタルビデオカメラ,2.5899608365954e-05
・携帯性:大きさ,2.5899608365954e-05
上位機,2.5899608365954e-05
上級機種,2.5899608365954e-05
不満足点,2.5899608365954e-05
予備用,2.5899608365954e-05
他メーカー,2.5899608365954e-05
他機種・他社,2.5899608365954e-05
付属レンズ,2.5899608365954e-05
価格面,2.5899608365954e-05
全部,2.5899608365954e-05
制御方式,2.5899608365954e-05
動体撮影,2.5899608365954e-05
周縁部,2.5899608365954e-05
塗装,2.5899608365954e-05
売却済み,2.5899608365954e-05
掃除,2.5899608365954e-05
新機種,2.5899608365954e-05
液晶サイズ,2.5899608365954e-05
観測,2.5899608365954e-05
銀塩,2.5899608365954e-05
節度,2.56184256042353e-05
1ヶ月半,2.56181462984781e-05
1年,2.56181462984781e-05
3年,2.56181462984781e-05
3週間,2.56181462984781e-05
80mm相当,2.56181462984781e-05
いっぱい,2.56181462984781e-05
め,2.56181462984781e-05
クッキリ描写,2.56181462984781e-05
マシ,2.56181462984781e-05
三角形,2.56181462984781e-05
使い物,2.56181462984781e-05
病みつき,2.56181462984781e-05
目安,2.56181462984781e-05
約1ヶ月,2.56181462984781e-05
買い増し,2.56181462984781e-05
ISO感度,2.53416726042013e-05
易い,2.49836480055958e-05
恐れ,2.43720371685966e-05
わずか,2.42331572728786e-05
前,2.42331572728786e-05
最終的,2.42331572728786e-05
一体感,2.41752091654584e-05
再生ボタン,2.41752091654584e-05
節度感,2.41752091654584e-05
お店,2.40981319682733e-05
AF速度・精度,2.40576206078664e-05
AF速度低下,2.40576206078664e-05
スタミナバッテリー,2.40576206078664e-05
ズーム域,2.40576206078664e-05
パンダデザイン,2.40576206078664e-05
プロテクションフィルタ,2.40576206078664e-05
ワイヤレスon)操作性,2.40576206078664e-05
当方,2.40576206078664e-05
携帯性・操作性・ホールド感,2.40576206078664e-05
機能性能,2.40576206078664e-05
許容範囲,2.36913444129614e-05
サクサク感,2.32866628554363e-05
価格共,2.32866628554363e-05
値段・大きさ・性能,2.32866628554363e-05
写しやすさ,2.32866628554363e-05
十二分,2.32866628554363e-05
実用的,2.32866628554363e-05
描写・発色,2.32866628554363e-05
楽さ,2.32866628554363e-05
機能・画質共,2.32866628554363e-05
画質共,2.32866628554363e-05
精度共,2.32866628554363e-05
記録枚数,2.32866628554363e-05
質感共,2.32866628554363e-05
進化,2.32866628554363e-05
長持ち,2.32866628554363e-05
頑張り,2.32866628554363e-05
早い,2.26872810454128e-05
片ボケ,2.2650614568629e-05
(31*****),2.15782445037059e-05
(DG/DC-Lens),2.15782445037059e-05
(EX),2.15782445037059e-05
1ショット−1減表示,2.15782445037059e-05
1台分,2.15782445037059e-05
3Dトラッキング,2.15782445037059e-05
600〜700枚,2.15782445037059e-05
6D,2.15782445037059e-05
A620,2.15782445037059e-05
C5,2.15782445037059e-05
DVD-RW,2.15782445037059e-05
Dレンジオプティマイザー機能,2.15782445037059e-05
EOS5D,2.15782445037059e-05
HD出力,2.15782445037059e-05
IS付,2.15782445037059e-05
M80,2.15782445037059e-05
SX100IS,2.15782445037059e-05
T5,2.15782445037059e-05
XV1,2.15782445037059e-05
「リングボケ」,2.15782445037059e-05
「迷い」,2.15782445037059e-05
ふたつ目,2.15782445037059e-05
ほんと,2.15782445037059e-05
インフォリチュウム,2.15782445037059e-05
ガジェット感,2.15782445037059e-05
キヤノン製レンズ,2.15782445037059e-05
シーンモード,2.15782445037059e-05
ソフト効果,2.15782445037059e-05
ハードディスク,2.15782445037059e-05
ボケ感,2.15782445037059e-05
ボディ補正,2.15782445037059e-05
・ハンディカムステーション,2.15782445037059e-05
・歪曲,2.15782445037059e-05
中心部,2.15782445037059e-05
値打ち,2.15782445037059e-05
判定,2.15782445037059e-05
半分,2.15782445037059e-05
基本,2.15782445037059e-05
好感度撮影,2.15782445037059e-05
屋外撮影,2.15782445037059e-05
当時,2.15782445037059e-05
径,2.15782445037059e-05
手ごたえ,2.15782445037059e-05
手ブレ対策,2.15782445037059e-05
構え方,2.15782445037059e-05
液晶タッチパネル,2.15782445037059e-05
湾曲,2.15782445037059e-05
短焦点レンズ,2.15782445037059e-05
設定方法,2.15782445037059e-05
購入当時,2.15782445037059e-05
軽減モード,2.15782445037059e-05
連写性能,2.15782445037059e-05
すごい,2.11400098508888e-05
電源,2.04714467779109e-05
グリップ部分,1.99800156397618e-05
お金,1.99187886960805e-05
ムラ,1.9269786849815e-05
速い,1.92181907735352e-05
最強,1.86129287381248e-05
標準的,1.86129287381248e-05
000円,1.84800765594517e-05
9千円,1.84800765594517e-05
HC3,1.84800765594517e-05
M8,1.84800765594517e-05
○AS,1.84800765594517e-05
○満足度,1.84800765594517e-05
コスパ,1.84800765594517e-05
・解像度,1.84800765594517e-05
対重量パフォーマンス,1.84800765594517e-05
良さ等,1.84800765594517e-05
8〜F4,1.79831433104011e-05
D80組み合わせ,1.79831433104011e-05
F100fdクラス),1.79831433104011e-05
GR-D,1.79831433104011e-05
LED,1.79831433104011e-05
R3,1.79831433104011e-05
"“SET""ボタン",1.79831433104011e-05
●AF／MF切り替え,1.79831433104011e-05
「メタルシルバー」,1.79831433104011e-05
「最短撮影距離」,1.79831433104011e-05
あとAF,1.79831433104011e-05
くどくはな,1.79831433104011e-05
ばらつき,1.79831433104011e-05
キスデジX,1.79831433104011e-05
キヤノン機,1.79831433104011e-05
ゴースト,1.79831433104011e-05
デザイン・ホールド感,1.79831433104011e-05
フジ,1.79831433104011e-05
マルチセレクター,1.79831433104011e-05
・先ず,1.79831433104011e-05
内蔵フラッシュ,1.79831433104011e-05
前機,1.79831433104011e-05
十二分の剛性,1.79831433104011e-05
広角不足,1.79831433104011e-05
環境等),1.79831433104011e-05
発色・色乗り,1.79831433104011e-05
発色面,1.79831433104011e-05
総論PENTAX,1.79831433104011e-05
緑,1.79831433104011e-05
雰囲気),1.79831433104011e-05
優先モード,1.75165924382214e-05
階調,1.75165924382214e-05
隙間,1.75165924382214e-05
光学式手ブレ補正,1.75141988690911e-05
光沢感,1.75141988690911e-05
趣,1.75141988690911e-05
輝度差,1.75141988690911e-05
お得感,1.74849105338621e-05
リアル感,1.74849105338621e-05
大差,1.74849105338621e-05
思い出,1.74849105338621e-05
感動,1.74849105338621e-05
開き,1.74849105338621e-05
ていい,1.72963716961817e-05
軽い,1.72963716961817e-05
機材,1.71214640015443e-05
(5),1.68613261696898e-05
HDV),1.68613261696898e-05
RAW撮影モード,1.68613261696898e-05
あまり持ち,1.68613261696898e-05
あまり関係,1.68613261696898e-05
いまいち解像感,1.68613261696898e-05
お仕着せ,1.68613261696898e-05
きり,1.68613261696898e-05
シャッターフィーリング等ストレス,1.68613261696898e-05
ジャストサイズ,1.68613261696898e-05
スチル映像撮影,1.68613261696898e-05
ストップ,1.68613261696898e-05
パネル,1.68613261696898e-05
フォサーズマウント,1.68613261696898e-05
ベルト通し,1.68613261696898e-05
ムダ,1.68613261696898e-05
・・・,1.68613261696898e-05
交換機会,1.68613261696898e-05
凸部分,1.68613261696898e-05
営業上しかた,1.68613261696898e-05
固定+シケンスNo,1.68613261696898e-05
実質使い道,1.68613261696898e-05
決めよう,1.68613261696898e-05
縦幅,1.68613261696898e-05
自信,1.68613261696898e-05
負担,1.68613261696898e-05
露出差,1.68613261696898e-05
上,1.67019751717301e-05
左,1.67019751717301e-05
難しい,1.53745526188282e-05
小さく,1.52834791581846e-05
1DmarkIIN,1.51996449241908e-05
1．3,1.51996449241908e-05
7型CCD,1.51996449241908e-05
A4プリント,1.51996449241908e-05
AFポイント,1.51996449241908e-05
DVD編集,1.51996449241908e-05
DV接続,1.51996449241908e-05
EF-sレンズ,1.51996449241908e-05
ON/OFF,1.51996449241908e-05
RAW現像,1.51996449241908e-05
VR2,1.51996449241908e-05
「撮影,1.51996449241908e-05
ずし,1.51996449241908e-05
エネループ,1.51996449241908e-05
カメラ操作,1.51996449241908e-05
スナップ撮影,1.51996449241908e-05
ソフト処理,1.51996449241908e-05
バシバシ現像,1.51996449241908e-05
バッテリー交換,1.51996449241908e-05
ポートレート撮影,1.51996449241908e-05
ミラーアップ,1.51996449241908e-05
メモリー,1.51996449241908e-05
レビュー時間,1.51996449241908e-05
・サブ電子ダイヤル,1.51996449241908e-05
・露出補正,1.51996449241908e-05
人物撮影,1.51996449241908e-05
付け替え,1.51996449241908e-05
修理,1.51996449241908e-05
写真取り込み,1.51996449241908e-05
写真画質,1.51996449241908e-05
写真鑑賞,1.51996449241908e-05
初期設定,1.51996449241908e-05
得,1.51996449241908e-05
批評,1.51996449241908e-05
拡大表示,1.51996449241908e-05
換算,1.51996449241908e-05
擬似マクロ,1.51996449241908e-05
検討,1.51996449241908e-05
模写,1.51996449241908e-05
樽型歪,1.51996449241908e-05
水遊び,1.51996449241908e-05
決定,1.51996449241908e-05
波,1.51996449241908e-05
消耗量,1.51996449241908e-05
液晶ハイビジョン,1.51996449241908e-05
無い物ねだり,1.51996449241908e-05
画づくり,1.51996449241908e-05
画像削除,1.51996449241908e-05
画像貼り付け,1.51996449241908e-05
画角確認,1.51996449241908e-05
画質調整,1.51996449241908e-05
画面構成,1.51996449241908e-05
簡易確認,1.51996449241908e-05
絵造り,1.51996449241908e-05
自動追尾,1.51996449241908e-05
色再現,1.51996449241908e-05
衝撃試験,1.51996449241908e-05
観賞会,1.51996449241908e-05
解像,1.51996449241908e-05
設定変更,1.51996449241908e-05
超広角撮影,1.51996449241908e-05
連続撮影,1.51996449241908e-05
長時間撮影,1.51996449241908e-05
長時間録画,1.51996449241908e-05
長期保証,1.51996449241908e-05
開閉,1.51996449241908e-05
風景撮影,1.51996449241908e-05
めりはり,1.41400097020041e-05
光源,1.41400097020041e-05
快感,1.41400097020041e-05
領域,1.41400097020041e-05
VR機構,1.41312873347682e-05
多少癖,1.41312873347682e-05
実力,1.41312873347682e-05
明暗差,1.41312873347682e-05
風,1.41312873347682e-05
馴染み,1.41312873347682e-05
1020万画素,1.33616600808311e-05
1Ds,1.33616600808311e-05
570UZ,1.33616600808311e-05
S510,1.33616600808311e-05
super,1.33616600808311e-05
※バッテリー,1.33616600808311e-05
▼色,1.33616600808311e-05
「操作性」,1.33616600808311e-05
キヤノン,1.33616600808311e-05
デジ,1.33616600808311e-05
今度,1.33616600808311e-05
日中屋外持ち出し,1.33616600808311e-05
日常スナップ,1.33616600808311e-05
書込み,1.33616600808311e-05
総合満足度,1.33616600808311e-05
評価採点,1.33616600808311e-05
項目毎,1.33616600808311e-05
エリア,1.31728141056331e-05
(コントラスト,1.28500985155749e-05
オート自体,1.28500985155749e-05
値,1.28500985155749e-05
最低ルックス,1.28500985155749e-05
遭遇率,1.28500985155749e-05
闇),1.28500985155749e-05
(300→400→910),1.2809073149239e-05
1/4,1.2809073149239e-05
10ケ月近く,1.2809073149239e-05
10ヶ月,1.2809073149239e-05
10年,1.2809073149239e-05
10枚,1.2809073149239e-05
13ヶ月,1.2809073149239e-05
13年,1.2809073149239e-05
1600×1200サイズ固定,1.2809073149239e-05
1カメラ,1.2809073149239e-05
1／50程度,1.2809073149239e-05
200mm相当,1.2809073149239e-05
200〜400,1.2809073149239e-05
200枚程度,1.2809073149239e-05
2カ月,1.2809073149239e-05
2代目,1.2809073149239e-05
2年,1.2809073149239e-05
2時間,1.2809073149239e-05
2週間,1.2809073149239e-05
3ヶ月目,1.2809073149239e-05
3代目,1.2809073149239e-05
3機種目,1.2809073149239e-05
4年目,1.2809073149239e-05
5か月,1.2809073149239e-05
5ヶ月,1.2809073149239e-05
5点満点,1.2809073149239e-05
6倍,1.2809073149239e-05
80mm,1.2809073149239e-05
910IS,1.2809073149239e-05
9倍,1.2809073149239e-05
IIIa,1.2809073149239e-05
M4なみ,1.2809073149239e-05
OFF,1.2809073149239e-05
「アンダー」,1.2809073149239e-05
【白目!】,1.2809073149239e-05
いでたち,1.2809073149239e-05
おにぎり状に、そし,1.2809073149239e-05
ご参考,1.2809073149239e-05
べったり,1.2809073149239e-05
アッチッチ,1.2809073149239e-05
アルカリ電池使用時,1.2809073149239e-05
アンダー目,1.2809073149239e-05
オモチャ,1.2809073149239e-05
オーバー気味,1.2809073149239e-05
カメラチェンジ,1.2809073149239e-05
カラ,1.2809073149239e-05
グニャグニャ,1.2809073149239e-05
ズームレンズセット,1.2809073149239e-05
ズーム時),1.2809073149239e-05
デジカメ購入,1.2809073149239e-05
デジ移行,1.2809073149239e-05
ナミダ目,1.2809073149239e-05
ネック,1.2809073149239e-05
ノイジー,1.2809073149239e-05
ハメ,1.2809073149239e-05
ピンぼけ,1.2809073149239e-05
ピンク色,1.2809073149239e-05
ファイル,1.2809073149239e-05
プレヴュー,1.2809073149239e-05
ベタベタ,1.2809073149239e-05
ボケボケ,1.2809073149239e-05
ボケ写真,1.2809073149239e-05
ポートレートゆえ,1.2809073149239e-05
一年半,1.2809073149239e-05
世界最軽量,1.2809073149239e-05
主観的レポート,1.2809073149239e-05
五角形,1.2809073149239e-05
代わり,1.2809073149239e-05
使いもの,1.2809073149239e-05
元,1.2809073149239e-05
初めて,1.2809073149239e-05
別途購入,1.2809073149239e-05
勝負レンズ,1.2809073149239e-05
化け物,1.2809073149239e-05
半年近く,1.2809073149239e-05
域,1.2809073149239e-05
存在,1.2809073149239e-05
少々,1.2809073149239e-05
少しき,1.2809073149239e-05
後ピン,1.2809073149239e-05
憂鬱,1.2809073149239e-05
時間,1.2809073149239e-05
景色,1.2809073149239e-05
最優先順位,1.2809073149239e-05
未だ気,1.2809073149239e-05
標準レンズ,1.2809073149239e-05
満点,1.2809073149239e-05
病み付き,1.2809073149239e-05
約1年,1.2809073149239e-05
約3ヶ月,1.2809073149239e-05
約850万画素,1.2809073149239e-05
約半年,1.2809073149239e-05
紫色,1.2809073149239e-05
練習,1.2809073149239e-05
縦,1.2809073149239e-05
縦位置撮影,1.2809073149239e-05
肩こり,1.2809073149239e-05
腰高,1.2809073149239e-05
若干き,1.2809073149239e-05
茶色,1.2809073149239e-05
記念,1.2809073149239e-05
課題,1.2809073149239e-05
限度,1.2809073149239e-05
高解像度調,1.2809073149239e-05
高解像感,1.2809073149239e-05
(あまり天井,1.26708363021006e-05
コストパーフォマンス,1.26708363021006e-05
レンズVR方式,1.26708363021006e-05
・感度,1.26708363021006e-05
一番信頼度,1.26708363021006e-05
希少価値,1.26708363021006e-05
補正能力,1.26708363021006e-05
(HDD内臓),1.20876045827292e-05
(厚み),1.20876045827292e-05
(蓋,1.20876045827292e-05
10倍光学ズーム,1.20876045827292e-05
2500),1.20876045827292e-05
2種類,1.20876045827292e-05
7型液晶等,1.20876045827292e-05
8LUSM,1.20876045827292e-05
AF18-35mm,1.20876045827292e-05
AF補助光,1.20876045827292e-05
AUTOモード,1.20876045827292e-05
DCIN端子,1.20876045827292e-05
DOレンズ,1.20876045827292e-05
D−レンジ,1.20876045827292e-05
FZ5,1.20876045827292e-05
QSF機能,1.20876045827292e-05
SDスロット,1.20876045827292e-05
SS優先モード,1.20876045827292e-05
xD資産,1.20876045827292e-05
「マイセッテイング・モード」,1.20876045827292e-05
「癖」,1.20876045827292e-05
『赤』,1.20876045827292e-05
あこがれ,1.20876045827292e-05
おもむき,1.20876045827292e-05
かみ合わせ精度,1.20876045827292e-05
それぞれ,1.20876045827292e-05
てごろ感,1.20876045827292e-05
らい時,1.20876045827292e-05
わざとらしさ,1.20876045827292e-05
アダプター,1.20876045827292e-05
アッサリ感,1.20876045827292e-05
アップグレード,1.20876045827292e-05
イベント,1.20876045827292e-05
イルミネーションライト,1.20876045827292e-05
カメラっぽさ,1.20876045827292e-05
キャッシュバックキャンペーン,1.20876045827292e-05
キャンセル品,1.20876045827292e-05
ギザギザ,1.20876045827292e-05
クロスセンサー,1.20876045827292e-05
サイバーショット,1.20876045827292e-05
ザラザラ感,1.20876045827292e-05
シャープかつコントラスト,1.20876045827292e-05
シャープ感,1.20876045827292e-05
スピード感,1.20876045827292e-05
スペース,1.20876045827292e-05
スレ,1.20876045827292e-05
スロット,1.20876045827292e-05
ズーム範囲,1.20876045827292e-05
ソフトフラッシュ,1.20876045827292e-05
ドット欠け,1.20876045827292e-05
バラつき,1.20876045827292e-05
バラツキ,1.20876045827292e-05
パワーLCDモード,1.20876045827292e-05
パワーLCD機能,1.20876045827292e-05
ビニールっぽさ,1.20876045827292e-05
ファームアップ,1.20876045827292e-05
フォーカスホールドボタン,1.20876045827292e-05
ペンタ部分,1.20876045827292e-05
ボタン照明,1.20876045827292e-05
マイメニュー機能,1.20876045827292e-05
マニュアルリング,1.20876045827292e-05
マラソン大会,1.20876045827292e-05
モニター,1.20876045827292e-05
レリーズラグ,1.20876045827292e-05
・AF/MF切り替えボタン,1.20876045827292e-05
・デザインホールド感,1.20876045827292e-05
一長一短,1.20876045827292e-05
三脚穴,1.20876045827292e-05
三色,1.20876045827292e-05
不統一感,1.20876045827292e-05
両機魅力,1.20876045827292e-05
使い出,1.20876045827292e-05
使用機種,1.20876045827292e-05
値ごろ感,1.20876045827292e-05
先入観,1.20876045827292e-05
内張り,1.20876045827292e-05
内蔵ストロボ,1.20876045827292e-05
内蔵レンズカバー,1.20876045827292e-05
写し込み機能,1.20876045827292e-05
凝縮感,1.20876045827292e-05
分厚み,1.20876045827292e-05
切り換え,1.20876045827292e-05
初期不良,1.20876045827292e-05
前機種,1.20876045827292e-05
前面,1.20876045827292e-05
各機種一長一短,1.20876045827292e-05
各種SW,1.20876045827292e-05
品物,1.20876045827292e-05
圧縮,1.20876045827292e-05
塗り絵っぽい,1.20876045827292e-05
変動,1.20876045827292e-05
多少難,1.20876045827292e-05
実体験,1.20876045827292e-05
少しタイムラグ,1.20876045827292e-05
張り紙,1.20876045827292e-05
悪評,1.20876045827292e-05
成果発表会,1.20876045827292e-05
抽選会,1.20876045827292e-05
接合面,1.20876045827292e-05
提案,1.20876045827292e-05
撮影機能,1.20876045827292e-05
標準モード,1.20876045827292e-05
機能切り替え,1.20876045827292e-05
消費,1.20876045827292e-05
液晶モニター,1.20876045827292e-05
測光モード,1.20876045827292e-05
直線物等,1.20876045827292e-05
知名度,1.20876045827292e-05
空きボタン,1.20876045827292e-05
等),1.20876045827292e-05
粘り,1.20876045827292e-05
結婚式,1.20876045827292e-05
補正傾向,1.20876045827292e-05
見解,1.20876045827292e-05
記憶媒体,1.20876045827292e-05
設定項目,1.20876045827292e-05
試合,1.20876045827292e-05
話,1.20876045827292e-05
貫禄,1.20876045827292e-05
超望遠,1.20876045827292e-05
途中トルク感,1.20876045827292e-05
連絡,1.20876045827292e-05
配列,1.20876045827292e-05
重心,1.20876045827292e-05
長,1.20876045827292e-05
防塵防滴機能,1.20876045827292e-05
防水性・防塵性・耐衝撃性,1.20876045827292e-05
隔たり,1.20876045827292e-05
露出補正範囲,1.20876045827292e-05
高速・フルタイムマニュアルフォーカス機構,1.20876045827292e-05
と,1.15309144641211e-05
使い易い,1.15309144641211e-05
安い,1.15309144641211e-05
強い,1.15309144641211e-05
欲しい,1.15309144641211e-05
申し分ない,1.15309144641211e-05
近い,1.15309144641211e-05
遜色ない,1.15309144641211e-05
com,1.11346501144867e-05
そば,1.11346501144867e-05
わり,1.11346501144867e-05
クチコミ,1.11346501144867e-05
ボディ側,1.11346501144867e-05
レンズ先端,1.11346501144867e-05
上部,1.11346501144867e-05
値上がり傾向,1.11346501144867e-05
写真撮影,1.11346501144867e-05
割,1.11346501144867e-05
右,1.11346501144867e-05
右肩,1.11346501144867e-05
奥,1.11346501144867e-05
手前,1.11346501144867e-05
背面,1.11346501144867e-05
角,1.11346501144867e-05
近く,1.11346501144867e-05
等,1.06642743442846e-05
イメージ,1.00910480277106e-05
凹凸,1.00910480277106e-05
宿場,1.00910480277106e-05
距点,1.00910480277106e-05
凄い,9.60909538676762e-06
(,8.75709943454553e-06
(35mm換算),8.75709943454553e-06
(CCDシフト方式)手ブレ補正機能,8.75709943454553e-06
(立体感,8.75709943454553e-06
(赤み,8.75709943454553e-06
1環境,8.75709943454553e-06
1番愛着,8.75709943454553e-06
M-up機能,8.75709943454553e-06
iA機能,8.75709943454553e-06
②「こだわり,8.75709943454553e-06
○質感,8.75709943454553e-06
「こだわり,8.75709943454553e-06
「クセ,8.75709943454553e-06
「プレミアム感」,8.75709943454553e-06
「マニュアルモード」,8.75709943454553e-06
「味」,8.75709943454553e-06
「品位,8.75709943454553e-06
「奥行き感,8.75709943454553e-06
「芯,8.75709943454553e-06
「躍動感,8.75709943454553e-06
「長期保証」,8.75709943454553e-06
「間」,8.75709943454553e-06
「雰囲気,8.75709943454553e-06
お値打ち,8.75709943454553e-06
ざらつき,8.75709943454553e-06
インパクト,8.75709943454553e-06
オリジナリティ,8.75709943454553e-06
ザラツキ感,8.75709943454553e-06
スジ,8.75709943454553e-06
ズーム&フォーカスリング,8.75709943454553e-06
テイスト,8.75709943454553e-06
ペンタ,8.75709943454553e-06
ボディ内撮像素子シフト方式手ブレ補正機能,8.75709943454553e-06
ボリューム,8.75709943454553e-06
ムリ,8.75709943454553e-06
ラチェット感,8.75709943454553e-06
レンズキレ,8.75709943454553e-06
・まとまり,8.75709943454553e-06
・光,8.75709943454553e-06
・味,8.75709943454553e-06
・存在感,8.75709943454553e-06
一貫性,8.75709943454553e-06
万能性,8.75709943454553e-06
体力,8.75709943454553e-06
使いがい,8.75709943454553e-06
使い応え,8.75709943454553e-06
値頃感,8.75709943454553e-06
凸凹,8.75709943454553e-06
各種ケーブル端子,8.75709943454553e-06
実力・実績,8.75709943454553e-06
少々クセ,8.75709943454553e-06
少し湾曲,8.75709943454553e-06
応用力,8.75709943454553e-06
応用範囲,8.75709943454553e-06
思い入れ,8.75709943454553e-06
情熱,8.75709943454553e-06
意気込み,8.75709943454553e-06
愛嬌,8.75709943454553e-06
手ブレ補助,8.75709943454553e-06
批判,8.75709943454553e-06
救い,8.75709943454553e-06
特色,8.75709943454553e-06
直線,8.75709943454553e-06
程度定評,8.75709943454553e-06
程度距離,8.75709943454553e-06
空気感,8.75709943454553e-06
端子類,8.75709943454553e-06
競争力,8.75709943454553e-06
臨場感,8.75709943454553e-06
色気,8.75709943454553e-06
落ち着き,8.75709943454553e-06
購入予定,8.75709943454553e-06
遠近感,8.75709943454553e-06
防滴・防塵性能,8.75709943454553e-06
面白み,8.75709943454553e-06
頼りがい,8.75709943454553e-06
(要望),8.74245526693107e-06
DPP,8.74245526693107e-06
USB接続,8.74245526693107e-06
V1J,8.74245526693107e-06
「余地」,8.74245526693107e-06
「見易さ」,8.74245526693107e-06
お買い得,8.74245526693107e-06
じみ,8.74245526693107e-06
たつき,8.74245526693107e-06
ねばり,8.74245526693107e-06
オルガスムス,8.74245526693107e-06
オートフォーカス機能,8.74245526693107e-06
グリップ感),8.74245526693107e-06
グリップ間,8.74245526693107e-06
ケーブル端子,8.74245526693107e-06
サイバーショットステーション,8.74245526693107e-06
ザラつき感,8.74245526693107e-06
シッカリ感,8.74245526693107e-06
ズームロック,8.74245526693107e-06
トリミングズーム,8.74245526693107e-06
ノイズ大発生,8.74245526693107e-06
パノラマ撮影機能,8.74245526693107e-06
ピント箇所設定,8.74245526693107e-06
ブランク,8.74245526693107e-06
プレゼント,8.74245526693107e-06
ボコボコ,8.74245526693107e-06
マイナス,8.74245526693107e-06
マイナスポイント,8.74245526693107e-06
リンク,8.74245526693107e-06
伸び,8.74245526693107e-06
余り,8.74245526693107e-06
使いで,8.74245526693107e-06
使い易さ,8.74245526693107e-06
例,8.74245526693107e-06
保守的イメージ,8.74245526693107e-06
優越感,8.74245526693107e-06
前提,8.74245526693107e-06
十分切れ,8.74245526693107e-06
単焦点プレミアムレンズ,8.74245526693107e-06
各スイッチ,8.74245526693107e-06
大不満,8.74245526693107e-06
嫌い,8.74245526693107e-06
存在価値,8.74245526693107e-06
安心,8.74245526693107e-06
密度感,8.74245526693107e-06
少し癖,8.74245526693107e-06
待ち時間,8.74245526693107e-06
感」,8.74245526693107e-06
手応え,8.74245526693107e-06
描写能力,8.74245526693107e-06
曲線美,8.74245526693107e-06
機構,8.74245526693107e-06
欠陥,8.74245526693107e-06
気持ち良さ,8.74245526693107e-06
物,8.74245526693107e-06
画質解像感,8.74245526693107e-06
疑問?,8.74245526693107e-06
瞬間,8.74245526693107e-06
短所,8.74245526693107e-06
確信,8.74245526693107e-06
素晴らしさ,8.74245526693107e-06
繋がり,8.74245526693107e-06
若干ノイズ,8.74245526693107e-06
誤り,8.74245526693107e-06
買い得感,8.74245526693107e-06
錯覚,8.74245526693107e-06
間仕切り,8.74245526693107e-06
電源スイッチ/プレビューレバー,8.74245526693107e-06
面倒さ,8.74245526693107e-06
音声メモ機能,8.74245526693107e-06
風格,8.74245526693107e-06
魔力,8.74245526693107e-06
イイ,7.6872763094141e-06
カッコイイ,7.6872763094141e-06
厳しい,7.6872763094141e-06
弱い,7.6872763094141e-06
最適,7.6872763094141e-06
遅い,7.6872763094141e-06
面白い,7.6872763094141e-06
全体評価,7.40617033200666e-06
スイバルコンセプト,5.9196638613156e-06
基本的性能,5.9196638613156e-06
市中価格,5.9196638613156e-06
活用度,5.9196638613156e-06
流れや光量不足,5.9196638613156e-06
精度),5.9196638613156e-06
総合性能,5.9196638613156e-06
近接写能力,5.9196638613156e-06
ありがたい,5.76545723206057e-06
かっこいい,5.76545723206057e-06
まあだ,5.76545723206057e-06
よろしい,5.76545723206057e-06
ピカイチ,5.76545723206057e-06
低い,5.76545723206057e-06
優しい,5.76545723206057e-06
楽しい,5.76545723206057e-06
正しい,5.76545723206057e-06
物足りない,5.76545723206057e-06
美しい,5.76545723206057e-06
辛い,5.76545723206057e-06
&MF,5.56732505724336e-06
(4)画像再生,5.56732505724336e-06
(N,5.56732505724336e-06
(画面右側,5.56732505724336e-06
4．本体,5.56732505724336e-06
5)パンフレット,5.56732505724336e-06
6月,5.56732505724336e-06
FX-1(店頭,5.56732505724336e-06
PENTAX部分,5.56732505724336e-06
Web上,5.56732505724336e-06
△EOS中堅機,5.56732505724336e-06
あとPana製,5.56732505724336e-06
うち,5.56732505724336e-06
ど真ん中,5.56732505724336e-06
アジャストボタン右横,5.56732505724336e-06
インターバルタイマー,5.56732505724336e-06
ウデ,5.56732505724336e-06
オート,5.56732505724336e-06
カタログスペック,5.56732505724336e-06
カメラ上部,5.56732505724336e-06
カメラ作り,5.56732505724336e-06
カメラ本体,5.56732505724336e-06
サイト,5.56732505724336e-06
ダイヤル設定,5.56732505724336e-06
チェック,5.56732505724336e-06
デカイ形,5.56732505724336e-06
トップ,5.56732505724336e-06
ネット,5.56732505724336e-06
バック,5.56732505724336e-06
ビュアー,5.56732505724336e-06
フランジ,5.56732505724336e-06
ボディ上面,5.56732505724336e-06
ポケット,5.56732505724336e-06
マウント付近,5.56732505724336e-06
マニュアル,5.56732505724336e-06
マニュアルモード,5.56732505724336e-06
ランキング,5.56732505724336e-06
レンズラインナップ,5.56732505724336e-06
レンズ本体マウント側,5.56732505724336e-06
・KissDX,5.56732505724336e-06
・外付けスピードライト,5.56732505724336e-06
・部分的,5.56732505724336e-06
上側,5.56732505724336e-06
下部,5.56732505724336e-06
中間,5.56732505724336e-06
久しぶり,5.56732505724336e-06
他店,5.56732505724336e-06
入射光,5.56732505724336e-06
全レンズ,5.56732505724336e-06
内側,5.56732505724336e-06
出し入れ,5.56732505724336e-06
前方,5.56732505724336e-06
前玉付近,5.56732505724336e-06
前面右側,5.56732505724336e-06
反対,5.56732505724336e-06
反対側,5.56732505724336e-06
口コミ,5.56732505724336e-06
口コミ掲示板,5.56732505724336e-06
右上,5.56732505724336e-06
各部,5.56732505724336e-06
周り,5.56732505724336e-06
四隅,5.56732505724336e-06
基本設定,5.56732505724336e-06
基本部分,5.56732505724336e-06
夜,5.56732505724336e-06
対極,5.56732505724336e-06
小川町,5.56732505724336e-06
左上角,5.56732505724336e-06
市場,5.56732505724336e-06
店内,5.56732505724336e-06
延長線上,5.56732505724336e-06
後方,5.56732505724336e-06
後継,5.56732505724336e-06
後面,5.56732505724336e-06
従来機,5.56732505724336e-06
携帯性さすが,5.56732505724336e-06
携帯電話,5.56732505724336e-06
撮影スタイル,5.56732505724336e-06
撮影能力,5.56732505724336e-06
普及価格帯,5.56732505724336e-06
最上段,5.56732505724336e-06
末,5.56732505724336e-06
本体左側,5.56732505724336e-06
機械,5.56732505724336e-06
比較的近く,5.56732505724336e-06
液晶下部,5.56732505724336e-06
液晶画面右上,5.56732505724336e-06
液晶脇,5.56732505724336e-06
深く,5.56732505724336e-06
深度,5.56732505724336e-06
片手,5.56732505724336e-06
画像左端,5.56732505724336e-06
画面中心部,5.56732505724336e-06
疎い),5.56732505724336e-06
発売前,5.56732505724336e-06
真上,5.56732505724336e-06
石川県羽咋市,5.56732505724336e-06
筋肉,5.56732505724336e-06
節電機能,5.56732505724336e-06
背後,5.56732505724336e-06
胴体,5.56732505724336e-06
裏ぶた,5.56732505724336e-06
裏側,5.56732505724336e-06
評価基準,5.56732505724336e-06
質感・描写共,5.56732505724336e-06
軍艦部左,5.56732505724336e-06
近所,5.56732505724336e-06
通勤途中,5.56732505724336e-06
遠く,5.56732505724336e-06
適位置,5.56732505724336e-06
開発途上,5.56732505724336e-06
隣,5.56732505724336e-06
電池カバー内,5.56732505724336e-06
頂上,5.56732505724336e-06
館,5.56732505724336e-06
高倍率ゆえ,5.56732505724336e-06
(1)レンズキャップ,5.04552401385531e-06
(ImageStabilizer=IS)」,5.04552401385531e-06
(UI自体,5.04552401385531e-06
(機構,5.04552401385531e-06
(銀塩,5.04552401385531e-06
18倍,5.04552401385531e-06
24-105,5.04552401385531e-06
540EZ,5.04552401385531e-06
K100D・K200D,5.04552401385531e-06
MFリング,5.04552401385531e-06
MYセッティング,5.04552401385531e-06
Pwer,5.04552401385531e-06
Tvモード,5.04552401385531e-06
※レンズ,5.04552401385531e-06
「D」,5.04552401385531e-06
「フォーカスエイド機能」,5.04552401385531e-06
あたりはずれ,5.04552401385531e-06
なんか味,5.04552401385531e-06
ほとんど,5.04552401385531e-06
アンダー傾向,5.04552401385531e-06
インターバル撮影,5.04552401385531e-06
カラバリ,5.04552401385531e-06
キャッシュバック,5.04552401385531e-06
ギトギト感,5.04552401385531e-06
ギャップ,5.04552401385531e-06
クロームモード,5.04552401385531e-06
コピー,5.04552401385531e-06
シャッタータイムラグ,5.04552401385531e-06
シャッターボタン,5.04552401385531e-06
シャッター速度優先モード,5.04552401385531e-06
スレーブ機能,5.04552401385531e-06
ズームスイッチ,5.04552401385531e-06
ズームレバー,5.04552401385531e-06
ダイレクトボタン,5.04552401385531e-06
ディレイ,5.04552401385531e-06
データパネル,5.04552401385531e-06
トガリ具合,5.04552401385531e-06
ノイジーさ,5.04552401385531e-06
ノイズリダクション,5.04552401385531e-06
ハンデ,5.04552401385531e-06
バッテリー残量表示,5.04552401385531e-06
バッテリー追加,5.04552401385531e-06
ビューファインダー,5.04552401385531e-06
プレビュー機構,5.04552401385531e-06
メチャクチャ出番,5.04552401385531e-06
ライト,5.04552401385531e-06
ラバー,5.04552401385531e-06
リモコン端子,5.04552401385531e-06
レリーズリモコン,5.04552401385531e-06
・ケラレ,5.04552401385531e-06
・シャッタースピード優先モード,5.04552401385531e-06
・プリセットWB,5.04552401385531e-06
・ライブビュー,5.04552401385531e-06
・内蔵メモリ,5.04552401385531e-06
・動画・静止画同時撮影機能,5.04552401385531e-06
一部制約,5.04552401385531e-06
三脚用ネジ穴,5.04552401385531e-06
下位機種,5.04552401385531e-06
主張,5.04552401385531e-06
保管庫,5.04552401385531e-06
個人感受性格差,5.04552401385531e-06
候補,5.04552401385531e-06
傾き,5.04552401385531e-06
優先,5.04552401385531e-06
内蔵メモリ,5.04552401385531e-06
分少し重量,5.04552401385531e-06
切り替え等,5.04552401385531e-06
効能,5.04552401385531e-06
動体補足能力,5.04552401385531e-06
十時キー,5.04552401385531e-06
反射物,5.04552401385531e-06
取り付け口,5.04552401385531e-06
取り付け穴,5.04552401385531e-06
取り出しフック,5.04552401385531e-06
各モード,5.04552401385531e-06
周辺機器,5.04552401385531e-06
報告事例,5.04552401385531e-06
変更点,5.04552401385531e-06
奥行き感,5.04552401385531e-06
左側,5.04552401385531e-06
悦び」,5.04552401385531e-06
意図,5.04552401385531e-06
意思,5.04552401385531e-06
意義,5.04552401385531e-06
手ブレ補正機構,5.04552401385531e-06
手荷物,5.04552401385531e-06
技量,5.04552401385531e-06
持病,5.04552401385531e-06
操作製,5.04552401385531e-06
新品,5.04552401385531e-06
明かり,5.04552401385531e-06
格子線,5.04552401385531e-06
歴史,5.04552401385531e-06
気難しさ,5.04552401385531e-06
活用法,5.04552401385531e-06
満足度P5100,5.04552401385531e-06
点光源,5.04552401385531e-06
無し,5.04552401385531e-06
発光忘れ,5.04552401385531e-06
発色・描画性能,5.04552401385531e-06
程,5.04552401385531e-06
立ち入り防止柵,5.04552401385531e-06
端子カバー,5.04552401385531e-06
絞り込みボタン,5.04552401385531e-06
縦位置グリップ,5.04552401385531e-06
茎,5.04552401385531e-06
装着位置,5.04552401385531e-06
設定ボタン,5.04552401385531e-06
調整機能,5.04552401385531e-06
起動ボタン,5.04552401385531e-06
遊びがい,5.04552401385531e-06
防水能力,5.04552401385531e-06
階層,5.04552401385531e-06
風潮,5.04552401385531e-06
高ISO耐性,5.04552401385531e-06
黒画面,5.04552401385531e-06
OK,3.84363815470705e-06
もったいない,3.84363815470705e-06
スゴイ,3.84363815470705e-06
ベスト,3.84363815470705e-06
一本,3.84363815470705e-06
扱い易い,3.84363815470705e-06
狭い,3.84363815470705e-06
逸品,3.84363815470705e-06
カードリーダー,3.746413587747e-06
何倍,3.746413587747e-06
等拡張性,3.746413587747e-06
転送速度,3.746413587747e-06
[満足度],3.70308516600333e-06
結果満足度,3.70308516600333e-06
1台,1.92181907735352e-06
25倍〜30倍位,1.92181907735352e-06
?,1.92181907735352e-06
D-SLR,1.92181907735352e-06
D200はいい,1.92181907735352e-06
DS,1.92181907735352e-06
E-410はいい,1.92181907735352e-06
E−410,1.92181907735352e-06
★レンズ,1.92181907735352e-06
「L」レンズならでは,1.92181907735352e-06
「ベストバイ機」,1.92181907735352e-06
「良い。」,1.92181907735352e-06
あまい,1.92181907735352e-06
うれしい,1.92181907735352e-06
おかしい,1.92181907735352e-06
おもしろい,1.92181907735352e-06
かっこ悪い,1.92181907735352e-06
たのしい,1.92181907735352e-06
まずい,1.92181907735352e-06
よし,1.92181907735352e-06
アリ,1.92181907735352e-06
ウケル機能,1.92181907735352e-06
キャノンえらい!,1.92181907735352e-06
コストパフォーマンス抜群,1.92181907735352e-06
コストパフォーマンス最高,1.92181907735352e-06
ショボイ,1.92181907735352e-06
スバラシイ,1.92181907735352e-06
デザイン・質感,1.92181907735352e-06
デザイン良い,1.92181907735352e-06
トップクラス,1.92181907735352e-06
ナンボ,1.92181907735352e-06
ブレにくい,1.92181907735352e-06
ベストサイズ,1.92181907735352e-06
ペンタックス」,1.92181907735352e-06
レバー類,1.92181907735352e-06
・良い,1.92181907735352e-06
一台,1.92181907735352e-06
一品,1.92181907735352e-06
一番,1.92181907735352e-06
不合格,1.92181907735352e-06
世界一,1.92181907735352e-06
人向き,1.92181907735352e-06
写真向き,1.92181907735352e-06
勿体ない,1.92181907735352e-06
合格,1.92181907735352e-06
名レンズ,1.92181907735352e-06
問題なし,1.92181907735352e-06
問題点,1.92181907735352e-06
好い,1.92181907735352e-06
好ましい,1.92181907735352e-06
嬉しい,1.92181907735352e-06
安っぽい,1.92181907735352e-06
広い,1.92181907735352e-06
影響ない,1.92181907735352e-06
怪しい,1.92181907735352e-06
惜しい,1.92181907735352e-06
意味ない,1.92181907735352e-06
操作性良い,1.92181907735352e-06
文句無し,1.92181907735352e-06
最適、,1.92181907735352e-06
最高クラス,1.92181907735352e-06
最高レベル,1.92181907735352e-06
最高最強…,1.92181907735352e-06
有難い,1.92181907735352e-06
望ましい,1.92181907735352e-06
本末転倒,1.92181907735352e-06
格好いい,1.92181907735352e-06
標準ズームレンズ,1.92181907735352e-06
欲しい、,1.92181907735352e-06
満点・・・,1.92181907735352e-06
甘い,1.92181907735352e-06
相応しい,1.92181907735352e-06
硬い,1.92181907735352e-06
第一,1.92181907735352e-06
素晴しい,1.92181907735352e-06
良心的設定,1.92181907735352e-06
良機,1.92181907735352e-06
薄い,1.92181907735352e-06
表れ,1.92181907735352e-06
表現どおり,1.92181907735352e-06
表現力命,1.92181907735352e-06
補正ならでは,1.92181907735352e-06
見づらい,1.92181907735352e-06
言うまでもない,1.92181907735352e-06
評判通り,1.92181907735352e-06
軽い、,1.92181907735352e-06
遜色無い,1.92181907735352e-06
部類,1.92181907735352e-06
驚異,1.92181907735352e-06
高機能,1.92181907735352e-06
高評価モノ,1.92181907735352e-06
機能・液晶,1.82285076876497e-06
(メイン,1.70810038631342e-06
8コマ／秒,1.70810038631342e-06
